wpp,file_group,Time,MidPeriod
2022,Demographic_Indicators,2022,NA
2022,Demographic_Indicators,2023,NA
2022,Demographic_Indicators,2024,NA
2022,Demographic_Indicators,2025,NA
2022,Demographic_Indicators,2026,NA
2022,Demographic_Indicators,2027,NA
2022,Demographic_Indicators,2028,NA
2022,Demographic_Indicators,2029,NA
2022,Demographic_Indicators,2030,NA
2022,Demographic_Indicators,2031,NA
2022,Demographic_Indicators,2032,NA
2022,Demographic_Indicators,2033,NA
2022,Demographic_Indicators,2034,NA
2022,Demographic_Indicators,2035,NA
2022,Demographic_Indicators,2036,NA
2022,Demographic_Indicators,2037,NA
2022,Demographic_Indicators,2038,NA
2022,Demographic_Indicators,2039,NA
2022,Demographic_Indicators,2040,NA
2022,Demographic_Indicators,2041,NA
2022,Demographic_Indicators,2042,NA
2022,Demographic_Indicators,2043,NA
2022,Demographic_Indicators,2044,NA
2022,Demographic_Indicators,2045,NA
2022,Demographic_Indicators,2046,NA
2022,Demographic_Indicators,2047,NA
2022,Demographic_Indicators,2048,NA
2022,Demographic_Indicators,2049,NA
2022,Demographic_Indicators,2050,NA
2022,Demographic_Indicators,2051,NA
2022,Demographic_Indicators,2052,NA
2022,Demographic_Indicators,2053,NA
2022,Demographic_Indicators,2054,NA
2022,Demographic_Indicators,2055,NA
2022,Demographic_Indicators,2056,NA
2022,Demographic_Indicators,2057,NA
2022,Demographic_Indicators,2058,NA
2022,Demographic_Indicators,2059,NA
2022,Demographic_Indicators,2060,NA
2022,Demographic_Indicators,2061,NA
2022,Demographic_Indicators,2062,NA
2022,Demographic_Indicators,2063,NA
2022,Demographic_Indicators,2064,NA
2022,Demographic_Indicators,2065,NA
2022,Demographic_Indicators,2066,NA
2022,Demographic_Indicators,2067,NA
2022,Demographic_Indicators,2068,NA
2022,Demographic_Indicators,2069,NA
2022,Demographic_Indicators,2070,NA
2022,Demographic_Indicators,2071,NA
2022,Demographic_Indicators,2072,NA
2022,Demographic_Indicators,2073,NA
2022,Demographic_Indicators,2074,NA
2022,Demographic_Indicators,2075,NA
2022,Demographic_Indicators,2076,NA
2022,Demographic_Indicators,2077,NA
2022,Demographic_Indicators,2078,NA
2022,Demographic_Indicators,2079,NA
2022,Demographic_Indicators,2080,NA
2022,Demographic_Indicators,2081,NA
2022,Demographic_Indicators,2082,NA
2022,Demographic_Indicators,2083,NA
2022,Demographic_Indicators,2084,NA
2022,Demographic_Indicators,2085,NA
2022,Demographic_Indicators,2086,NA
2022,Demographic_Indicators,2087,NA
2022,Demographic_Indicators,2088,NA
2022,Demographic_Indicators,2089,NA
2022,Demographic_Indicators,2090,NA
2022,Demographic_Indicators,2091,NA
2022,Demographic_Indicators,2092,NA
2022,Demographic_Indicators,2093,NA
2022,Demographic_Indicators,2094,NA
2022,Demographic_Indicators,2095,NA
2022,Demographic_Indicators,2096,NA
2022,Demographic_Indicators,2097,NA
2022,Demographic_Indicators,2098,NA
2022,Demographic_Indicators,2099,NA
2022,Demographic_Indicators,2100,NA
2022,Demographic_Indicators,2101,NA
2022,Demographic_Indicators,1950,NA
2022,Demographic_Indicators,1951,NA
2022,Demographic_Indicators,1952,NA
2022,Demographic_Indicators,1953,NA
2022,Demographic_Indicators,1954,NA
2022,Demographic_Indicators,1955,NA
2022,Demographic_Indicators,1956,NA
2022,Demographic_Indicators,1957,NA
2022,Demographic_Indicators,1958,NA
2022,Demographic_Indicators,1959,NA
2022,Demographic_Indicators,1960,NA
2022,Demographic_Indicators,1961,NA
2022,Demographic_Indicators,1962,NA
2022,Demographic_Indicators,1963,NA
2022,Demographic_Indicators,1964,NA
2022,Demographic_Indicators,1965,NA
2022,Demographic_Indicators,1966,NA
2022,Demographic_Indicators,1967,NA
2022,Demographic_Indicators,1968,NA
2022,Demographic_Indicators,1969,NA
2022,Demographic_Indicators,1970,NA
2022,Demographic_Indicators,1971,NA
2022,Demographic_Indicators,1972,NA
2022,Demographic_Indicators,1973,NA
2022,Demographic_Indicators,1974,NA
2022,Demographic_Indicators,1975,NA
2022,Demographic_Indicators,1976,NA
2022,Demographic_Indicators,1977,NA
2022,Demographic_Indicators,1978,NA
2022,Demographic_Indicators,1979,NA
2022,Demographic_Indicators,1980,NA
2022,Demographic_Indicators,1981,NA
2022,Demographic_Indicators,1982,NA
2022,Demographic_Indicators,1983,NA
2022,Demographic_Indicators,1984,NA
2022,Demographic_Indicators,1985,NA
2022,Demographic_Indicators,1986,NA
2022,Demographic_Indicators,1987,NA
2022,Demographic_Indicators,1988,NA
2022,Demographic_Indicators,1989,NA
2022,Demographic_Indicators,1990,NA
2022,Demographic_Indicators,1991,NA
2022,Demographic_Indicators,1992,NA
2022,Demographic_Indicators,1993,NA
2022,Demographic_Indicators,1994,NA
2022,Demographic_Indicators,1995,NA
2022,Demographic_Indicators,1996,NA
2022,Demographic_Indicators,1997,NA
2022,Demographic_Indicators,1998,NA
2022,Demographic_Indicators,1999,NA
2022,Demographic_Indicators,2000,NA
2022,Demographic_Indicators,2001,NA
2022,Demographic_Indicators,2002,NA
2022,Demographic_Indicators,2003,NA
2022,Demographic_Indicators,2004,NA
2022,Demographic_Indicators,2005,NA
2022,Demographic_Indicators,2006,NA
2022,Demographic_Indicators,2007,NA
2022,Demographic_Indicators,2008,NA
2022,Demographic_Indicators,2009,NA
2022,Demographic_Indicators,2010,NA
2022,Demographic_Indicators,2011,NA
2022,Demographic_Indicators,2012,NA
2022,Demographic_Indicators,2013,NA
2022,Demographic_Indicators,2014,NA
2022,Demographic_Indicators,2015,NA
2022,Demographic_Indicators,2016,NA
2022,Demographic_Indicators,2017,NA
2022,Demographic_Indicators,2018,NA
2022,Demographic_Indicators,2019,NA
2022,Demographic_Indicators,2020,NA
2022,Demographic_Indicators,2021,NA
2022,Fertility_by_Age1,2022,2022.5
2022,Fertility_by_Age1,2023,2023.5
2022,Fertility_by_Age1,2024,2024.5
2022,Fertility_by_Age1,2025,2025.5
2022,Fertility_by_Age1,2026,2026.5
2022,Fertility_by_Age1,2027,2027.5
2022,Fertility_by_Age1,2028,2028.5
2022,Fertility_by_Age1,2029,2029.5
2022,Fertility_by_Age1,2030,2030.5
2022,Fertility_by_Age1,2031,2031.5
2022,Fertility_by_Age1,2032,2032.5
2022,Fertility_by_Age1,2033,2033.5
2022,Fertility_by_Age1,2034,2034.5
2022,Fertility_by_Age1,2035,2035.5
2022,Fertility_by_Age1,2036,2036.5
2022,Fertility_by_Age1,2037,2037.5
2022,Fertility_by_Age1,2038,2038.5
2022,Fertility_by_Age1,2039,2039.5
2022,Fertility_by_Age1,2040,2040.5
2022,Fertility_by_Age1,2041,2041.5
2022,Fertility_by_Age1,2042,2042.5
2022,Fertility_by_Age1,2043,2043.5
2022,Fertility_by_Age1,2044,2044.5
2022,Fertility_by_Age1,2045,2045.5
2022,Fertility_by_Age1,2046,2046.5
2022,Fertility_by_Age1,2047,2047.5
2022,Fertility_by_Age1,2048,2048.5
2022,Fertility_by_Age1,2049,2049.5
2022,Fertility_by_Age1,2050,2050.5
2022,Fertility_by_Age1,2051,2051.5
2022,Fertility_by_Age1,2052,2052.5
2022,Fertility_by_Age1,2053,2053.5
2022,Fertility_by_Age1,2054,2054.5
2022,Fertility_by_Age1,2055,2055.5
2022,Fertility_by_Age1,2056,2056.5
2022,Fertility_by_Age1,2057,2057.5
2022,Fertility_by_Age1,2058,2058.5
2022,Fertility_by_Age1,2059,2059.5
2022,Fertility_by_Age1,2060,2060.5
2022,Fertility_by_Age1,2061,2061.5
2022,Fertility_by_Age1,2062,2062.5
2022,Fertility_by_Age1,2063,2063.5
2022,Fertility_by_Age1,2064,2064.5
2022,Fertility_by_Age1,2065,2065.5
2022,Fertility_by_Age1,2066,2066.5
2022,Fertility_by_Age1,2067,2067.5
2022,Fertility_by_Age1,2068,2068.5
2022,Fertility_by_Age1,2069,2069.5
2022,Fertility_by_Age1,2070,2070.5
2022,Fertility_by_Age1,2071,2071.5
2022,Fertility_by_Age1,2072,2072.5
2022,Fertility_by_Age1,2073,2073.5
2022,Fertility_by_Age1,2074,2074.5
2022,Fertility_by_Age1,2075,2075.5
2022,Fertility_by_Age1,2076,2076.5
2022,Fertility_by_Age1,2077,2077.5
2022,Fertility_by_Age1,2078,2078.5
2022,Fertility_by_Age1,2079,2079.5
2022,Fertility_by_Age1,2080,2080.5
2022,Fertility_by_Age1,2081,2081.5
2022,Fertility_by_Age1,2082,2082.5
2022,Fertility_by_Age1,2083,2083.5
2022,Fertility_by_Age1,2084,2084.5
2022,Fertility_by_Age1,2085,2085.5
2022,Fertility_by_Age1,2086,2086.5
2022,Fertility_by_Age1,2087,2087.5
2022,Fertility_by_Age1,2088,2088.5
2022,Fertility_by_Age1,2089,2089.5
2022,Fertility_by_Age1,2090,2090.5
2022,Fertility_by_Age1,2091,2091.5
2022,Fertility_by_Age1,2092,2092.5
2022,Fertility_by_Age1,2093,2093.5
2022,Fertility_by_Age1,2094,2094.5
2022,Fertility_by_Age1,2095,2095.5
2022,Fertility_by_Age1,2096,2096.5
2022,Fertility_by_Age1,2097,2097.5
2022,Fertility_by_Age1,2098,2098.5
2022,Fertility_by_Age1,2099,2099.5
2022,Fertility_by_Age1,2100,2100.5
2022,Fertility_by_Age1,1950,1950.5
2022,Fertility_by_Age1,1951,1951.5
2022,Fertility_by_Age1,1952,1952.5
2022,Fertility_by_Age1,1953,1953.5
2022,Fertility_by_Age1,1954,1954.5
2022,Fertility_by_Age1,1955,1955.5
2022,Fertility_by_Age1,1956,1956.5
2022,Fertility_by_Age1,1957,1957.5
2022,Fertility_by_Age1,1958,1958.5
2022,Fertility_by_Age1,1959,1959.5
2022,Fertility_by_Age1,1960,1960.5
2022,Fertility_by_Age1,1961,1961.5
2022,Fertility_by_Age1,1962,1962.5
2022,Fertility_by_Age1,1963,1963.5
2022,Fertility_by_Age1,1964,1964.5
2022,Fertility_by_Age1,1965,1965.5
2022,Fertility_by_Age1,1966,1966.5
2022,Fertility_by_Age1,1967,1967.5
2022,Fertility_by_Age1,1968,1968.5
2022,Fertility_by_Age1,1969,1969.5
2022,Fertility_by_Age1,1970,1970.5
2022,Fertility_by_Age1,1971,1971.5
2022,Fertility_by_Age1,1972,1972.5
2022,Fertility_by_Age1,1973,1973.5
2022,Fertility_by_Age1,1974,1974.5
2022,Fertility_by_Age1,1975,1975.5
2022,Fertility_by_Age1,1976,1976.5
2022,Fertility_by_Age1,1977,1977.5
2022,Fertility_by_Age1,1978,1978.5
2022,Fertility_by_Age1,1979,1979.5
2022,Fertility_by_Age1,1980,1980.5
2022,Fertility_by_Age1,1981,1981.5
2022,Fertility_by_Age1,1982,1982.5
2022,Fertility_by_Age1,1983,1983.5
2022,Fertility_by_Age1,1984,1984.5
2022,Fertility_by_Age1,1985,1985.5
2022,Fertility_by_Age1,1986,1986.5
2022,Fertility_by_Age1,1987,1987.5
2022,Fertility_by_Age1,1988,1988.5
2022,Fertility_by_Age1,1989,1989.5
2022,Fertility_by_Age1,1990,1990.5
2022,Fertility_by_Age1,1991,1991.5
2022,Fertility_by_Age1,1992,1992.5
2022,Fertility_by_Age1,1993,1993.5
2022,Fertility_by_Age1,1994,1994.5
2022,Fertility_by_Age1,1995,1995.5
2022,Fertility_by_Age1,1996,1996.5
2022,Fertility_by_Age1,1997,1997.5
2022,Fertility_by_Age1,1998,1998.5
2022,Fertility_by_Age1,1999,1999.5
2022,Fertility_by_Age1,2000,2000.5
2022,Fertility_by_Age1,2001,2001.5
2022,Fertility_by_Age1,2002,2002.5
2022,Fertility_by_Age1,2003,2003.5
2022,Fertility_by_Age1,2004,2004.5
2022,Fertility_by_Age1,2005,2005.5
2022,Fertility_by_Age1,2006,2006.5
2022,Fertility_by_Age1,2007,2007.5
2022,Fertility_by_Age1,2008,2008.5
2022,Fertility_by_Age1,2009,2009.5
2022,Fertility_by_Age1,2010,2010.5
2022,Fertility_by_Age1,2011,2011.5
2022,Fertility_by_Age1,2012,2012.5
2022,Fertility_by_Age1,2013,2013.5
2022,Fertility_by_Age1,2014,2014.5
2022,Fertility_by_Age1,2015,2015.5
2022,Fertility_by_Age1,2016,2016.5
2022,Fertility_by_Age1,2017,2017.5
2022,Fertility_by_Age1,2018,2018.5
2022,Fertility_by_Age1,2019,2019.5
2022,Fertility_by_Age1,2020,2020.5
2022,Fertility_by_Age1,2021,2021.5
2022,Fertility_by_Age5,2022,2022.5
2022,Fertility_by_Age5,2023,2023.5
2022,Fertility_by_Age5,2024,2024.5
2022,Fertility_by_Age5,2025,2025.5
2022,Fertility_by_Age5,2026,2026.5
2022,Fertility_by_Age5,2027,2027.5
2022,Fertility_by_Age5,2028,2028.5
2022,Fertility_by_Age5,2029,2029.5
2022,Fertility_by_Age5,2030,2030.5
2022,Fertility_by_Age5,2031,2031.5
2022,Fertility_by_Age5,2032,2032.5
2022,Fertility_by_Age5,2033,2033.5
2022,Fertility_by_Age5,2034,2034.5
2022,Fertility_by_Age5,2035,2035.5
2022,Fertility_by_Age5,2036,2036.5
2022,Fertility_by_Age5,2037,2037.5
2022,Fertility_by_Age5,2038,2038.5
2022,Fertility_by_Age5,2039,2039.5
2022,Fertility_by_Age5,2040,2040.5
2022,Fertility_by_Age5,2041,2041.5
2022,Fertility_by_Age5,2042,2042.5
2022,Fertility_by_Age5,2043,2043.5
2022,Fertility_by_Age5,2044,2044.5
2022,Fertility_by_Age5,2045,2045.5
2022,Fertility_by_Age5,2046,2046.5
2022,Fertility_by_Age5,2047,2047.5
2022,Fertility_by_Age5,2048,2048.5
2022,Fertility_by_Age5,2049,2049.5
2022,Fertility_by_Age5,2050,2050.5
2022,Fertility_by_Age5,2051,2051.5
2022,Fertility_by_Age5,2052,2052.5
2022,Fertility_by_Age5,2053,2053.5
2022,Fertility_by_Age5,2054,2054.5
2022,Fertility_by_Age5,2055,2055.5
2022,Fertility_by_Age5,2056,2056.5
2022,Fertility_by_Age5,2057,2057.5
2022,Fertility_by_Age5,2058,2058.5
2022,Fertility_by_Age5,2059,2059.5
2022,Fertility_by_Age5,2060,2060.5
2022,Fertility_by_Age5,2061,2061.5
2022,Fertility_by_Age5,2062,2062.5
2022,Fertility_by_Age5,2063,2063.5
2022,Fertility_by_Age5,2064,2064.5
2022,Fertility_by_Age5,2065,2065.5
2022,Fertility_by_Age5,2066,2066.5
2022,Fertility_by_Age5,2067,2067.5
2022,Fertility_by_Age5,2068,2068.5
2022,Fertility_by_Age5,2069,2069.5
2022,Fertility_by_Age5,2070,2070.5
2022,Fertility_by_Age5,2071,2071.5
2022,Fertility_by_Age5,2072,2072.5
2022,Fertility_by_Age5,2073,2073.5
2022,Fertility_by_Age5,2074,2074.5
2022,Fertility_by_Age5,2075,2075.5
2022,Fertility_by_Age5,2076,2076.5
2022,Fertility_by_Age5,2077,2077.5
2022,Fertility_by_Age5,2078,2078.5
2022,Fertility_by_Age5,2079,2079.5
2022,Fertility_by_Age5,2080,2080.5
2022,Fertility_by_Age5,2081,2081.5
2022,Fertility_by_Age5,2082,2082.5
2022,Fertility_by_Age5,2083,2083.5
2022,Fertility_by_Age5,2084,2084.5
2022,Fertility_by_Age5,2085,2085.5
2022,Fertility_by_Age5,2086,2086.5
2022,Fertility_by_Age5,2087,2087.5
2022,Fertility_by_Age5,2088,2088.5
2022,Fertility_by_Age5,2089,2089.5
2022,Fertility_by_Age5,2090,2090.5
2022,Fertility_by_Age5,2091,2091.5
2022,Fertility_by_Age5,2092,2092.5
2022,Fertility_by_Age5,2093,2093.5
2022,Fertility_by_Age5,2094,2094.5
2022,Fertility_by_Age5,2095,2095.5
2022,Fertility_by_Age5,2096,2096.5
2022,Fertility_by_Age5,2097,2097.5
2022,Fertility_by_Age5,2098,2098.5
2022,Fertility_by_Age5,2099,2099.5
2022,Fertility_by_Age5,2100,2100.5
2022,Fertility_by_Age5,1950,1950.5
2022,Fertility_by_Age5,1951,1951.5
2022,Fertility_by_Age5,1952,1952.5
2022,Fertility_by_Age5,1953,1953.5
2022,Fertility_by_Age5,1954,1954.5
2022,Fertility_by_Age5,1955,1955.5
2022,Fertility_by_Age5,1956,1956.5
2022,Fertility_by_Age5,1957,1957.5
2022,Fertility_by_Age5,1958,1958.5
2022,Fertility_by_Age5,1959,1959.5
2022,Fertility_by_Age5,1960,1960.5
2022,Fertility_by_Age5,1961,1961.5
2022,Fertility_by_Age5,1962,1962.5
2022,Fertility_by_Age5,1963,1963.5
2022,Fertility_by_Age5,1964,1964.5
2022,Fertility_by_Age5,1965,1965.5
2022,Fertility_by_Age5,1966,1966.5
2022,Fertility_by_Age5,1967,1967.5
2022,Fertility_by_Age5,1968,1968.5
2022,Fertility_by_Age5,1969,1969.5
2022,Fertility_by_Age5,1970,1970.5
2022,Fertility_by_Age5,1971,1971.5
2022,Fertility_by_Age5,1972,1972.5
2022,Fertility_by_Age5,1973,1973.5
2022,Fertility_by_Age5,1974,1974.5
2022,Fertility_by_Age5,1975,1975.5
2022,Fertility_by_Age5,1976,1976.5
2022,Fertility_by_Age5,1977,1977.5
2022,Fertility_by_Age5,1978,1978.5
2022,Fertility_by_Age5,1979,1979.5
2022,Fertility_by_Age5,1980,1980.5
2022,Fertility_by_Age5,1981,1981.5
2022,Fertility_by_Age5,1982,1982.5
2022,Fertility_by_Age5,1983,1983.5
2022,Fertility_by_Age5,1984,1984.5
2022,Fertility_by_Age5,1985,1985.5
2022,Fertility_by_Age5,1986,1986.5
2022,Fertility_by_Age5,1987,1987.5
2022,Fertility_by_Age5,1988,1988.5
2022,Fertility_by_Age5,1989,1989.5
2022,Fertility_by_Age5,1990,1990.5
2022,Fertility_by_Age5,1991,1991.5
2022,Fertility_by_Age5,1992,1992.5
2022,Fertility_by_Age5,1993,1993.5
2022,Fertility_by_Age5,1994,1994.5
2022,Fertility_by_Age5,1995,1995.5
2022,Fertility_by_Age5,1996,1996.5
2022,Fertility_by_Age5,1997,1997.5
2022,Fertility_by_Age5,1998,1998.5
2022,Fertility_by_Age5,1999,1999.5
2022,Fertility_by_Age5,2000,2000.5
2022,Fertility_by_Age5,2001,2001.5
2022,Fertility_by_Age5,2002,2002.5
2022,Fertility_by_Age5,2003,2003.5
2022,Fertility_by_Age5,2004,2004.5
2022,Fertility_by_Age5,2005,2005.5
2022,Fertility_by_Age5,2006,2006.5
2022,Fertility_by_Age5,2007,2007.5
2022,Fertility_by_Age5,2008,2008.5
2022,Fertility_by_Age5,2009,2009.5
2022,Fertility_by_Age5,2010,2010.5
2022,Fertility_by_Age5,2011,2011.5
2022,Fertility_by_Age5,2012,2012.5
2022,Fertility_by_Age5,2013,2013.5
2022,Fertility_by_Age5,2014,2014.5
2022,Fertility_by_Age5,2015,2015.5
2022,Fertility_by_Age5,2016,2016.5
2022,Fertility_by_Age5,2017,2017.5
2022,Fertility_by_Age5,2018,2018.5
2022,Fertility_by_Age5,2019,2019.5
2022,Fertility_by_Age5,2020,2020.5
2022,Fertility_by_Age5,2021,2021.5
2022,Life_Table_Abridged,1950,1950.5
2022,Life_Table_Abridged,1951,1951.5
2022,Life_Table_Abridged,1952,1952.5
2022,Life_Table_Abridged,1953,1953.5
2022,Life_Table_Abridged,1954,1954.5
2022,Life_Table_Abridged,1955,1955.5
2022,Life_Table_Abridged,1956,1956.5
2022,Life_Table_Abridged,1957,1957.5
2022,Life_Table_Abridged,1958,1958.5
2022,Life_Table_Abridged,1959,1959.5
2022,Life_Table_Abridged,1960,1960.5
2022,Life_Table_Abridged,1961,1961.5
2022,Life_Table_Abridged,1962,1962.5
2022,Life_Table_Abridged,1963,1963.5
2022,Life_Table_Abridged,1964,1964.5
2022,Life_Table_Abridged,1965,1965.5
2022,Life_Table_Abridged,1966,1966.5
2022,Life_Table_Abridged,1967,1967.5
2022,Life_Table_Abridged,1968,1968.5
2022,Life_Table_Abridged,1969,1969.5
2022,Life_Table_Abridged,1970,1970.5
2022,Life_Table_Abridged,1971,1971.5
2022,Life_Table_Abridged,1972,1972.5
2022,Life_Table_Abridged,1973,1973.5
2022,Life_Table_Abridged,1974,1974.5
2022,Life_Table_Abridged,1975,1975.5
2022,Life_Table_Abridged,1976,1976.5
2022,Life_Table_Abridged,1977,1977.5
2022,Life_Table_Abridged,1978,1978.5
2022,Life_Table_Abridged,1979,1979.5
2022,Life_Table_Abridged,1980,1980.5
2022,Life_Table_Abridged,1981,1981.5
2022,Life_Table_Abridged,1982,1982.5
2022,Life_Table_Abridged,1983,1983.5
2022,Life_Table_Abridged,1984,1984.5
2022,Life_Table_Abridged,1985,1985.5
2022,Life_Table_Abridged,1986,1986.5
2022,Life_Table_Abridged,1987,1987.5
2022,Life_Table_Abridged,1988,1988.5
2022,Life_Table_Abridged,1989,1989.5
2022,Life_Table_Abridged,1990,1990.5
2022,Life_Table_Abridged,1991,1991.5
2022,Life_Table_Abridged,1992,1992.5
2022,Life_Table_Abridged,1993,1993.5
2022,Life_Table_Abridged,1994,1994.5
2022,Life_Table_Abridged,1995,1995.5
2022,Life_Table_Abridged,1996,1996.5
2022,Life_Table_Abridged,1997,1997.5
2022,Life_Table_Abridged,1998,1998.5
2022,Life_Table_Abridged,1999,1999.5
2022,Life_Table_Abridged,2000,2000.5
2022,Life_Table_Abridged,2001,2001.5
2022,Life_Table_Abridged,2002,2002.5
2022,Life_Table_Abridged,2003,2003.5
2022,Life_Table_Abridged,2004,2004.5
2022,Life_Table_Abridged,2005,2005.5
2022,Life_Table_Abridged,2006,2006.5
2022,Life_Table_Abridged,2007,2007.5
2022,Life_Table_Abridged,2008,2008.5
2022,Life_Table_Abridged,2009,2009.5
2022,Life_Table_Abridged,2010,2010.5
2022,Life_Table_Abridged,2011,2011.5
2022,Life_Table_Abridged,2012,2012.5
2022,Life_Table_Abridged,2013,2013.5
2022,Life_Table_Abridged,2014,2014.5
2022,Life_Table_Abridged,2015,2015.5
2022,Life_Table_Abridged,2016,2016.5
2022,Life_Table_Abridged,2017,2017.5
2022,Life_Table_Abridged,2018,2018.5
2022,Life_Table_Abridged,2019,2019.5
2022,Life_Table_Abridged,2020,2020.5
2022,Life_Table_Abridged,2021,2021.5
2022,Life_Table_Abridged,2022,2022.5
2022,Life_Table_Abridged,2023,2023.5
2022,Life_Table_Abridged,2024,2024.5
2022,Life_Table_Abridged,2025,2025.5
2022,Life_Table_Abridged,2026,2026.5
2022,Life_Table_Abridged,2027,2027.5
2022,Life_Table_Abridged,2028,2028.5
2022,Life_Table_Abridged,2029,2029.5
2022,Life_Table_Abridged,2030,2030.5
2022,Life_Table_Abridged,2031,2031.5
2022,Life_Table_Abridged,2032,2032.5
2022,Life_Table_Abridged,2033,2033.5
2022,Life_Table_Abridged,2034,2034.5
2022,Life_Table_Abridged,2035,2035.5
2022,Life_Table_Abridged,2036,2036.5
2022,Life_Table_Abridged,2037,2037.5
2022,Life_Table_Abridged,2038,2038.5
2022,Life_Table_Abridged,2039,2039.5
2022,Life_Table_Abridged,2040,2040.5
2022,Life_Table_Abridged,2041,2041.5
2022,Life_Table_Abridged,2042,2042.5
2022,Life_Table_Abridged,2043,2043.5
2022,Life_Table_Abridged,2044,2044.5
2022,Life_Table_Abridged,2045,2045.5
2022,Life_Table_Abridged,2046,2046.5
2022,Life_Table_Abridged,2047,2047.5
2022,Life_Table_Abridged,2048,2048.5
2022,Life_Table_Abridged,2049,2049.5
2022,Life_Table_Abridged,2050,2050.5
2022,Life_Table_Abridged,2051,2051.5
2022,Life_Table_Abridged,2052,2052.5
2022,Life_Table_Abridged,2053,2053.5
2022,Life_Table_Abridged,2054,2054.5
2022,Life_Table_Abridged,2055,2055.5
2022,Life_Table_Abridged,2056,2056.5
2022,Life_Table_Abridged,2057,2057.5
2022,Life_Table_Abridged,2058,2058.5
2022,Life_Table_Abridged,2059,2059.5
2022,Life_Table_Abridged,2060,2060.5
2022,Life_Table_Abridged,2061,2061.5
2022,Life_Table_Abridged,2062,2062.5
2022,Life_Table_Abridged,2063,2063.5
2022,Life_Table_Abridged,2064,2064.5
2022,Life_Table_Abridged,2065,2065.5
2022,Life_Table_Abridged,2066,2066.5
2022,Life_Table_Abridged,2067,2067.5
2022,Life_Table_Abridged,2068,2068.5
2022,Life_Table_Abridged,2069,2069.5
2022,Life_Table_Abridged,2070,2070.5
2022,Life_Table_Abridged,2071,2071.5
2022,Life_Table_Abridged,2072,2072.5
2022,Life_Table_Abridged,2073,2073.5
2022,Life_Table_Abridged,2074,2074.5
2022,Life_Table_Abridged,2075,2075.5
2022,Life_Table_Abridged,2076,2076.5
2022,Life_Table_Abridged,2077,2077.5
2022,Life_Table_Abridged,2078,2078.5
2022,Life_Table_Abridged,2079,2079.5
2022,Life_Table_Abridged,2080,2080.5
2022,Life_Table_Abridged,2081,2081.5
2022,Life_Table_Abridged,2082,2082.5
2022,Life_Table_Abridged,2083,2083.5
2022,Life_Table_Abridged,2084,2084.5
2022,Life_Table_Abridged,2085,2085.5
2022,Life_Table_Abridged,2086,2086.5
2022,Life_Table_Abridged,2087,2087.5
2022,Life_Table_Abridged,2088,2088.5
2022,Life_Table_Abridged,2089,2089.5
2022,Life_Table_Abridged,2090,2090.5
2022,Life_Table_Abridged,2091,2091.5
2022,Life_Table_Abridged,2092,2092.5
2022,Life_Table_Abridged,2093,2093.5
2022,Life_Table_Abridged,2094,2094.5
2022,Life_Table_Abridged,2095,2095.5
2022,Life_Table_Abridged,2096,2096.5
2022,Life_Table_Abridged,2097,2097.5
2022,Life_Table_Abridged,2098,2098.5
2022,Life_Table_Abridged,2099,2099.5
2022,Life_Table_Complete,1950,1950.5
2022,Life_Table_Complete,1951,1951.5
2022,Life_Table_Complete,1952,1952.5
2022,Life_Table_Complete,1953,1953.5
2022,Life_Table_Complete,1954,1954.5
2022,Life_Table_Complete,1955,1955.5
2022,Life_Table_Complete,1956,1956.5
2022,Life_Table_Complete,1957,1957.5
2022,Life_Table_Complete,1958,1958.5
2022,Life_Table_Complete,1959,1959.5
2022,Life_Table_Complete,1960,1960.5
2022,Life_Table_Complete,1961,1961.5
2022,Life_Table_Complete,1962,1962.5
2022,Life_Table_Complete,1963,1963.5
2022,Life_Table_Complete,1964,1964.5
2022,Life_Table_Complete,1965,1965.5
2022,Life_Table_Complete,1966,1966.5
2022,Life_Table_Complete,1967,1967.5
2022,Life_Table_Complete,1968,1968.5
2022,Life_Table_Complete,1969,1969.5
2022,Life_Table_Complete,1970,1970.5
2022,Life_Table_Complete,1971,1971.5
2022,Life_Table_Complete,1972,1972.5
2022,Life_Table_Complete,1973,1973.5
2022,Life_Table_Complete,1974,1974.5
2022,Life_Table_Complete,1975,1975.5
2022,Life_Table_Complete,1976,1976.5
2022,Life_Table_Complete,1977,1977.5
2022,Life_Table_Complete,1978,1978.5
2022,Life_Table_Complete,1979,1979.5
2022,Life_Table_Complete,1980,1980.5
2022,Life_Table_Complete,1981,1981.5
2022,Life_Table_Complete,1982,1982.5
2022,Life_Table_Complete,1983,1983.5
2022,Life_Table_Complete,1984,1984.5
2022,Life_Table_Complete,1985,1985.5
2022,Life_Table_Complete,1986,1986.5
2022,Life_Table_Complete,1987,1987.5
2022,Life_Table_Complete,1988,1988.5
2022,Life_Table_Complete,1989,1989.5
2022,Life_Table_Complete,1990,1990.5
2022,Life_Table_Complete,1991,1991.5
2022,Life_Table_Complete,1992,1992.5
2022,Life_Table_Complete,1993,1993.5
2022,Life_Table_Complete,1994,1994.5
2022,Life_Table_Complete,1995,1995.5
2022,Life_Table_Complete,1996,1996.5
2022,Life_Table_Complete,1997,1997.5
2022,Life_Table_Complete,1998,1998.5
2022,Life_Table_Complete,1999,1999.5
2022,Life_Table_Complete,2000,2000.5
2022,Life_Table_Complete,2001,2001.5
2022,Life_Table_Complete,2002,2002.5
2022,Life_Table_Complete,2003,2003.5
2022,Life_Table_Complete,2004,2004.5
2022,Life_Table_Complete,2005,2005.5
2022,Life_Table_Complete,2006,2006.5
2022,Life_Table_Complete,2007,2007.5
2022,Life_Table_Complete,2008,2008.5
2022,Life_Table_Complete,2009,2009.5
2022,Life_Table_Complete,2010,2010.5
2022,Life_Table_Complete,2011,2011.5
2022,Life_Table_Complete,2012,2012.5
2022,Life_Table_Complete,2013,2013.5
2022,Life_Table_Complete,2014,2014.5
2022,Life_Table_Complete,2015,2015.5
2022,Life_Table_Complete,2016,2016.5
2022,Life_Table_Complete,2017,2017.5
2022,Life_Table_Complete,2018,2018.5
2022,Life_Table_Complete,2019,2019.5
2022,Life_Table_Complete,2020,2020.5
2022,Life_Table_Complete,2021,2021.5
2022,Life_Table_Complete,2022,2022.5
2022,Life_Table_Complete,2023,2023.5
2022,Life_Table_Complete,2024,2024.5
2022,Life_Table_Complete,2025,2025.5
2022,Life_Table_Complete,2026,2026.5
2022,Life_Table_Complete,2027,2027.5
2022,Life_Table_Complete,2028,2028.5
2022,Life_Table_Complete,2029,2029.5
2022,Life_Table_Complete,2030,2030.5
2022,Life_Table_Complete,2031,2031.5
2022,Life_Table_Complete,2032,2032.5
2022,Life_Table_Complete,2033,2033.5
2022,Life_Table_Complete,2034,2034.5
2022,Life_Table_Complete,2035,2035.5
2022,Life_Table_Complete,2036,2036.5
2022,Life_Table_Complete,2037,2037.5
2022,Life_Table_Complete,2038,2038.5
2022,Life_Table_Complete,2039,2039.5
2022,Life_Table_Complete,2040,2040.5
2022,Life_Table_Complete,2041,2041.5
2022,Life_Table_Complete,2042,2042.5
2022,Life_Table_Complete,2043,2043.5
2022,Life_Table_Complete,2044,2044.5
2022,Life_Table_Complete,2045,2045.5
2022,Life_Table_Complete,2046,2046.5
2022,Life_Table_Complete,2047,2047.5
2022,Life_Table_Complete,2048,2048.5
2022,Life_Table_Complete,2049,2049.5
2022,Life_Table_Complete,2050,2050.5
2022,Life_Table_Complete,2051,2051.5
2022,Life_Table_Complete,2052,2052.5
2022,Life_Table_Complete,2053,2053.5
2022,Life_Table_Complete,2054,2054.5
2022,Life_Table_Complete,2055,2055.5
2022,Life_Table_Complete,2056,2056.5
2022,Life_Table_Complete,2057,2057.5
2022,Life_Table_Complete,2058,2058.5
2022,Life_Table_Complete,2059,2059.5
2022,Life_Table_Complete,2060,2060.5
2022,Life_Table_Complete,2061,2061.5
2022,Life_Table_Complete,2062,2062.5
2022,Life_Table_Complete,2063,2063.5
2022,Life_Table_Complete,2064,2064.5
2022,Life_Table_Complete,2065,2065.5
2022,Life_Table_Complete,2066,2066.5
2022,Life_Table_Complete,2067,2067.5
2022,Life_Table_Complete,2068,2068.5
2022,Life_Table_Complete,2069,2069.5
2022,Life_Table_Complete,2070,2070.5
2022,Life_Table_Complete,2071,2071.5
2022,Life_Table_Complete,2072,2072.5
2022,Life_Table_Complete,2073,2073.5
2022,Life_Table_Complete,2074,2074.5
2022,Life_Table_Complete,2075,2075.5
2022,Life_Table_Complete,2076,2076.5
2022,Life_Table_Complete,2077,2077.5
2022,Life_Table_Complete,2078,2078.5
2022,Life_Table_Complete,2079,2079.5
2022,Life_Table_Complete,2080,2080.5
2022,Life_Table_Complete,2081,2081.5
2022,Life_Table_Complete,2082,2082.5
2022,Life_Table_Complete,2083,2083.5
2022,Life_Table_Complete,2084,2084.5
2022,Life_Table_Complete,2085,2085.5
2022,Life_Table_Complete,2086,2086.5
2022,Life_Table_Complete,2087,2087.5
2022,Life_Table_Complete,2088,2088.5
2022,Life_Table_Complete,2089,2089.5
2022,Life_Table_Complete,2090,2090.5
2022,Life_Table_Complete,2091,2091.5
2022,Life_Table_Complete,2092,2092.5
2022,Life_Table_Complete,2093,2093.5
2022,Life_Table_Complete,2094,2094.5
2022,Life_Table_Complete,2095,2095.5
2022,Life_Table_Complete,2096,2096.5
2022,Life_Table_Complete,2097,2097.5
2022,Life_Table_Complete,2098,2098.5
2022,Life_Table_Complete,2099,2099.5
2022,Population1JanuaryByAge5GroupSex,2022,2022
2022,Population1JanuaryByAge5GroupSex,2023,2023
2022,Population1JanuaryByAge5GroupSex,2024,2024
2022,Population1JanuaryByAge5GroupSex,2025,2025
2022,Population1JanuaryByAge5GroupSex,2026,2026
2022,Population1JanuaryByAge5GroupSex,2027,2027
2022,Population1JanuaryByAge5GroupSex,2028,2028
2022,Population1JanuaryByAge5GroupSex,2029,2029
2022,Population1JanuaryByAge5GroupSex,2030,2030
2022,Population1JanuaryByAge5GroupSex,2031,2031
2022,Population1JanuaryByAge5GroupSex,2032,2032
2022,Population1JanuaryByAge5GroupSex,2033,2033
2022,Population1JanuaryByAge5GroupSex,2034,2034
2022,Population1JanuaryByAge5GroupSex,2035,2035
2022,Population1JanuaryByAge5GroupSex,2036,2036
2022,Population1JanuaryByAge5GroupSex,2037,2037
2022,Population1JanuaryByAge5GroupSex,2038,2038
2022,Population1JanuaryByAge5GroupSex,2039,2039
2022,Population1JanuaryByAge5GroupSex,2040,2040
2022,Population1JanuaryByAge5GroupSex,2041,2041
2022,Population1JanuaryByAge5GroupSex,2042,2042
2022,Population1JanuaryByAge5GroupSex,2043,2043
2022,Population1JanuaryByAge5GroupSex,2044,2044
2022,Population1JanuaryByAge5GroupSex,2045,2045
2022,Population1JanuaryByAge5GroupSex,2046,2046
2022,Population1JanuaryByAge5GroupSex,2047,2047
2022,Population1JanuaryByAge5GroupSex,2048,2048
2022,Population1JanuaryByAge5GroupSex,2049,2049
2022,Population1JanuaryByAge5GroupSex,2050,2050
2022,Population1JanuaryByAge5GroupSex,2051,2051
2022,Population1JanuaryByAge5GroupSex,2052,2052
2022,Population1JanuaryByAge5GroupSex,2053,2053
2022,Population1JanuaryByAge5GroupSex,2054,2054
2022,Population1JanuaryByAge5GroupSex,2055,2055
2022,Population1JanuaryByAge5GroupSex,2056,2056
2022,Population1JanuaryByAge5GroupSex,2057,2057
2022,Population1JanuaryByAge5GroupSex,2058,2058
2022,Population1JanuaryByAge5GroupSex,2059,2059
2022,Population1JanuaryByAge5GroupSex,2060,2060
2022,Population1JanuaryByAge5GroupSex,2061,2061
2022,Population1JanuaryByAge5GroupSex,2062,2062
2022,Population1JanuaryByAge5GroupSex,2063,2063
2022,Population1JanuaryByAge5GroupSex,2064,2064
2022,Population1JanuaryByAge5GroupSex,2065,2065
2022,Population1JanuaryByAge5GroupSex,2066,2066
2022,Population1JanuaryByAge5GroupSex,2067,2067
2022,Population1JanuaryByAge5GroupSex,2068,2068
2022,Population1JanuaryByAge5GroupSex,2069,2069
2022,Population1JanuaryByAge5GroupSex,2070,2070
2022,Population1JanuaryByAge5GroupSex,2071,2071
2022,Population1JanuaryByAge5GroupSex,2072,2072
2022,Population1JanuaryByAge5GroupSex,2073,2073
2022,Population1JanuaryByAge5GroupSex,2074,2074
2022,Population1JanuaryByAge5GroupSex,2075,2075
2022,Population1JanuaryByAge5GroupSex,2076,2076
2022,Population1JanuaryByAge5GroupSex,2077,2077
2022,Population1JanuaryByAge5GroupSex,2078,2078
2022,Population1JanuaryByAge5GroupSex,2079,2079
2022,Population1JanuaryByAge5GroupSex,2080,2080
2022,Population1JanuaryByAge5GroupSex,2081,2081
2022,Population1JanuaryByAge5GroupSex,2082,2082
2022,Population1JanuaryByAge5GroupSex,2083,2083
2022,Population1JanuaryByAge5GroupSex,2084,2084
2022,Population1JanuaryByAge5GroupSex,2085,2085
2022,Population1JanuaryByAge5GroupSex,2086,2086
2022,Population1JanuaryByAge5GroupSex,2087,2087
2022,Population1JanuaryByAge5GroupSex,2088,2088
2022,Population1JanuaryByAge5GroupSex,2089,2089
2022,Population1JanuaryByAge5GroupSex,2090,2090
2022,Population1JanuaryByAge5GroupSex,2091,2091
2022,Population1JanuaryByAge5GroupSex,2092,2092
2022,Population1JanuaryByAge5GroupSex,2093,2093
2022,Population1JanuaryByAge5GroupSex,2094,2094
2022,Population1JanuaryByAge5GroupSex,2095,2095
2022,Population1JanuaryByAge5GroupSex,2096,2096
2022,Population1JanuaryByAge5GroupSex,2097,2097
2022,Population1JanuaryByAge5GroupSex,2098,2098
2022,Population1JanuaryByAge5GroupSex,2099,2099
2022,Population1JanuaryByAge5GroupSex,2100,2100
2022,Population1JanuaryByAge5GroupSex,2101,2101
2022,Population1JanuaryByAge5GroupSex,1950,1950
2022,Population1JanuaryByAge5GroupSex,1951,1951
2022,Population1JanuaryByAge5GroupSex,1952,1952
2022,Population1JanuaryByAge5GroupSex,1953,1953
2022,Population1JanuaryByAge5GroupSex,1954,1954
2022,Population1JanuaryByAge5GroupSex,1955,1955
2022,Population1JanuaryByAge5GroupSex,1956,1956
2022,Population1JanuaryByAge5GroupSex,1957,1957
2022,Population1JanuaryByAge5GroupSex,1958,1958
2022,Population1JanuaryByAge5GroupSex,1959,1959
2022,Population1JanuaryByAge5GroupSex,1960,1960
2022,Population1JanuaryByAge5GroupSex,1961,1961
2022,Population1JanuaryByAge5GroupSex,1962,1962
2022,Population1JanuaryByAge5GroupSex,1963,1963
2022,Population1JanuaryByAge5GroupSex,1964,1964
2022,Population1JanuaryByAge5GroupSex,1965,1965
2022,Population1JanuaryByAge5GroupSex,1966,1966
2022,Population1JanuaryByAge5GroupSex,1967,1967
2022,Population1JanuaryByAge5GroupSex,1968,1968
2022,Population1JanuaryByAge5GroupSex,1969,1969
2022,Population1JanuaryByAge5GroupSex,1970,1970
2022,Population1JanuaryByAge5GroupSex,1971,1971
2022,Population1JanuaryByAge5GroupSex,1972,1972
2022,Population1JanuaryByAge5GroupSex,1973,1973
2022,Population1JanuaryByAge5GroupSex,1974,1974
2022,Population1JanuaryByAge5GroupSex,1975,1975
2022,Population1JanuaryByAge5GroupSex,1976,1976
2022,Population1JanuaryByAge5GroupSex,1977,1977
2022,Population1JanuaryByAge5GroupSex,1978,1978
2022,Population1JanuaryByAge5GroupSex,1979,1979
2022,Population1JanuaryByAge5GroupSex,1980,1980
2022,Population1JanuaryByAge5GroupSex,1981,1981
2022,Population1JanuaryByAge5GroupSex,1982,1982
2022,Population1JanuaryByAge5GroupSex,1983,1983
2022,Population1JanuaryByAge5GroupSex,1984,1984
2022,Population1JanuaryByAge5GroupSex,1985,1985
2022,Population1JanuaryByAge5GroupSex,1986,1986
2022,Population1JanuaryByAge5GroupSex,1987,1987
2022,Population1JanuaryByAge5GroupSex,1988,1988
2022,Population1JanuaryByAge5GroupSex,1989,1989
2022,Population1JanuaryByAge5GroupSex,1990,1990
2022,Population1JanuaryByAge5GroupSex,1991,1991
2022,Population1JanuaryByAge5GroupSex,1992,1992
2022,Population1JanuaryByAge5GroupSex,1993,1993
2022,Population1JanuaryByAge5GroupSex,1994,1994
2022,Population1JanuaryByAge5GroupSex,1995,1995
2022,Population1JanuaryByAge5GroupSex,1996,1996
2022,Population1JanuaryByAge5GroupSex,1997,1997
2022,Population1JanuaryByAge5GroupSex,1998,1998
2022,Population1JanuaryByAge5GroupSex,1999,1999
2022,Population1JanuaryByAge5GroupSex,2000,2000
2022,Population1JanuaryByAge5GroupSex,2001,2001
2022,Population1JanuaryByAge5GroupSex,2002,2002
2022,Population1JanuaryByAge5GroupSex,2003,2003
2022,Population1JanuaryByAge5GroupSex,2004,2004
2022,Population1JanuaryByAge5GroupSex,2005,2005
2022,Population1JanuaryByAge5GroupSex,2006,2006
2022,Population1JanuaryByAge5GroupSex,2007,2007
2022,Population1JanuaryByAge5GroupSex,2008,2008
2022,Population1JanuaryByAge5GroupSex,2009,2009
2022,Population1JanuaryByAge5GroupSex,2010,2010
2022,Population1JanuaryByAge5GroupSex,2011,2011
2022,Population1JanuaryByAge5GroupSex,2012,2012
2022,Population1JanuaryByAge5GroupSex,2013,2013
2022,Population1JanuaryByAge5GroupSex,2014,2014
2022,Population1JanuaryByAge5GroupSex,2015,2015
2022,Population1JanuaryByAge5GroupSex,2016,2016
2022,Population1JanuaryByAge5GroupSex,2017,2017
2022,Population1JanuaryByAge5GroupSex,2018,2018
2022,Population1JanuaryByAge5GroupSex,2019,2019
2022,Population1JanuaryByAge5GroupSex,2020,2020
2022,Population1JanuaryByAge5GroupSex,2021,2021
2022,Population1JanuaryBySingleAgeSex,1950,1950
2022,Population1JanuaryBySingleAgeSex,1951,1951
2022,Population1JanuaryBySingleAgeSex,1952,1952
2022,Population1JanuaryBySingleAgeSex,1953,1953
2022,Population1JanuaryBySingleAgeSex,1954,1954
2022,Population1JanuaryBySingleAgeSex,1955,1955
2022,Population1JanuaryBySingleAgeSex,1956,1956
2022,Population1JanuaryBySingleAgeSex,1957,1957
2022,Population1JanuaryBySingleAgeSex,1958,1958
2022,Population1JanuaryBySingleAgeSex,1959,1959
2022,Population1JanuaryBySingleAgeSex,1960,1960
2022,Population1JanuaryBySingleAgeSex,1961,1961
2022,Population1JanuaryBySingleAgeSex,1962,1962
2022,Population1JanuaryBySingleAgeSex,1963,1963
2022,Population1JanuaryBySingleAgeSex,1964,1964
2022,Population1JanuaryBySingleAgeSex,1965,1965
2022,Population1JanuaryBySingleAgeSex,1966,1966
2022,Population1JanuaryBySingleAgeSex,1967,1967
2022,Population1JanuaryBySingleAgeSex,1968,1968
2022,Population1JanuaryBySingleAgeSex,1969,1969
2022,Population1JanuaryBySingleAgeSex,1970,1970
2022,Population1JanuaryBySingleAgeSex,1971,1971
2022,Population1JanuaryBySingleAgeSex,1972,1972
2022,Population1JanuaryBySingleAgeSex,1973,1973
2022,Population1JanuaryBySingleAgeSex,1974,1974
2022,Population1JanuaryBySingleAgeSex,1975,1975
2022,Population1JanuaryBySingleAgeSex,1976,1976
2022,Population1JanuaryBySingleAgeSex,1977,1977
2022,Population1JanuaryBySingleAgeSex,1978,1978
2022,Population1JanuaryBySingleAgeSex,1979,1979
2022,Population1JanuaryBySingleAgeSex,1980,1980
2022,Population1JanuaryBySingleAgeSex,1981,1981
2022,Population1JanuaryBySingleAgeSex,1982,1982
2022,Population1JanuaryBySingleAgeSex,1983,1983
2022,Population1JanuaryBySingleAgeSex,1984,1984
2022,Population1JanuaryBySingleAgeSex,1985,1985
2022,Population1JanuaryBySingleAgeSex,1986,1986
2022,Population1JanuaryBySingleAgeSex,1987,1987
2022,Population1JanuaryBySingleAgeSex,1988,1988
2022,Population1JanuaryBySingleAgeSex,1989,1989
2022,Population1JanuaryBySingleAgeSex,1990,1990
2022,Population1JanuaryBySingleAgeSex,1991,1991
2022,Population1JanuaryBySingleAgeSex,1992,1992
2022,Population1JanuaryBySingleAgeSex,1993,1993
2022,Population1JanuaryBySingleAgeSex,1994,1994
2022,Population1JanuaryBySingleAgeSex,1995,1995
2022,Population1JanuaryBySingleAgeSex,1996,1996
2022,Population1JanuaryBySingleAgeSex,1997,1997
2022,Population1JanuaryBySingleAgeSex,1998,1998
2022,Population1JanuaryBySingleAgeSex,1999,1999
2022,Population1JanuaryBySingleAgeSex,2000,2000
2022,Population1JanuaryBySingleAgeSex,2001,2001
2022,Population1JanuaryBySingleAgeSex,2002,2002
2022,Population1JanuaryBySingleAgeSex,2003,2003
2022,Population1JanuaryBySingleAgeSex,2004,2004
2022,Population1JanuaryBySingleAgeSex,2005,2005
2022,Population1JanuaryBySingleAgeSex,2006,2006
2022,Population1JanuaryBySingleAgeSex,2007,2007
2022,Population1JanuaryBySingleAgeSex,2008,2008
2022,Population1JanuaryBySingleAgeSex,2009,2009
2022,Population1JanuaryBySingleAgeSex,2010,2010
2022,Population1JanuaryBySingleAgeSex,2011,2011
2022,Population1JanuaryBySingleAgeSex,2012,2012
2022,Population1JanuaryBySingleAgeSex,2013,2013
2022,Population1JanuaryBySingleAgeSex,2014,2014
2022,Population1JanuaryBySingleAgeSex,2015,2015
2022,Population1JanuaryBySingleAgeSex,2016,2016
2022,Population1JanuaryBySingleAgeSex,2017,2017
2022,Population1JanuaryBySingleAgeSex,2018,2018
2022,Population1JanuaryBySingleAgeSex,2019,2019
2022,Population1JanuaryBySingleAgeSex,2020,2020
2022,Population1JanuaryBySingleAgeSex,2021,2021
2022,Population1JanuaryBySingleAgeSex,2022,2022
2022,Population1JanuaryBySingleAgeSex,2023,2023
2022,Population1JanuaryBySingleAgeSex,2024,2024
2022,Population1JanuaryBySingleAgeSex,2025,2025
2022,Population1JanuaryBySingleAgeSex,2026,2026
2022,Population1JanuaryBySingleAgeSex,2027,2027
2022,Population1JanuaryBySingleAgeSex,2028,2028
2022,Population1JanuaryBySingleAgeSex,2029,2029
2022,Population1JanuaryBySingleAgeSex,2030,2030
2022,Population1JanuaryBySingleAgeSex,2031,2031
2022,Population1JanuaryBySingleAgeSex,2032,2032
2022,Population1JanuaryBySingleAgeSex,2033,2033
2022,Population1JanuaryBySingleAgeSex,2034,2034
2022,Population1JanuaryBySingleAgeSex,2035,2035
2022,Population1JanuaryBySingleAgeSex,2036,2036
2022,Population1JanuaryBySingleAgeSex,2037,2037
2022,Population1JanuaryBySingleAgeSex,2038,2038
2022,Population1JanuaryBySingleAgeSex,2039,2039
2022,Population1JanuaryBySingleAgeSex,2040,2040
2022,Population1JanuaryBySingleAgeSex,2041,2041
2022,Population1JanuaryBySingleAgeSex,2042,2042
2022,Population1JanuaryBySingleAgeSex,2043,2043
2022,Population1JanuaryBySingleAgeSex,2044,2044
2022,Population1JanuaryBySingleAgeSex,2045,2045
2022,Population1JanuaryBySingleAgeSex,2046,2046
2022,Population1JanuaryBySingleAgeSex,2047,2047
2022,Population1JanuaryBySingleAgeSex,2048,2048
2022,Population1JanuaryBySingleAgeSex,2049,2049
2022,Population1JanuaryBySingleAgeSex,2050,2050
2022,Population1JanuaryBySingleAgeSex,2051,2051
2022,Population1JanuaryBySingleAgeSex,2052,2052
2022,Population1JanuaryBySingleAgeSex,2053,2053
2022,Population1JanuaryBySingleAgeSex,2054,2054
2022,Population1JanuaryBySingleAgeSex,2055,2055
2022,Population1JanuaryBySingleAgeSex,2056,2056
2022,Population1JanuaryBySingleAgeSex,2057,2057
2022,Population1JanuaryBySingleAgeSex,2058,2058
2022,Population1JanuaryBySingleAgeSex,2059,2059
2022,Population1JanuaryBySingleAgeSex,2060,2060
2022,Population1JanuaryBySingleAgeSex,2061,2061
2022,Population1JanuaryBySingleAgeSex,2062,2062
2022,Population1JanuaryBySingleAgeSex,2063,2063
2022,Population1JanuaryBySingleAgeSex,2064,2064
2022,Population1JanuaryBySingleAgeSex,2065,2065
2022,Population1JanuaryBySingleAgeSex,2066,2066
2022,Population1JanuaryBySingleAgeSex,2067,2067
2022,Population1JanuaryBySingleAgeSex,2068,2068
2022,Population1JanuaryBySingleAgeSex,2069,2069
2022,Population1JanuaryBySingleAgeSex,2070,2070
2022,Population1JanuaryBySingleAgeSex,2071,2071
2022,Population1JanuaryBySingleAgeSex,2072,2072
2022,Population1JanuaryBySingleAgeSex,2073,2073
2022,Population1JanuaryBySingleAgeSex,2074,2074
2022,Population1JanuaryBySingleAgeSex,2075,2075
2022,Population1JanuaryBySingleAgeSex,2076,2076
2022,Population1JanuaryBySingleAgeSex,2077,2077
2022,Population1JanuaryBySingleAgeSex,2078,2078
2022,Population1JanuaryBySingleAgeSex,2079,2079
2022,Population1JanuaryBySingleAgeSex,2080,2080
2022,Population1JanuaryBySingleAgeSex,2081,2081
2022,Population1JanuaryBySingleAgeSex,2082,2082
2022,Population1JanuaryBySingleAgeSex,2083,2083
2022,Population1JanuaryBySingleAgeSex,2084,2084
2022,Population1JanuaryBySingleAgeSex,2085,2085
2022,Population1JanuaryBySingleAgeSex,2086,2086
2022,Population1JanuaryBySingleAgeSex,2087,2087
2022,Population1JanuaryBySingleAgeSex,2088,2088
2022,Population1JanuaryBySingleAgeSex,2089,2089
2022,Population1JanuaryBySingleAgeSex,2090,2090
2022,Population1JanuaryBySingleAgeSex,2091,2091
2022,Population1JanuaryBySingleAgeSex,2092,2092
2022,Population1JanuaryBySingleAgeSex,2093,2093
2022,Population1JanuaryBySingleAgeSex,2094,2094
2022,Population1JanuaryBySingleAgeSex,2095,2095
2022,Population1JanuaryBySingleAgeSex,2096,2096
2022,Population1JanuaryBySingleAgeSex,2097,2097
2022,Population1JanuaryBySingleAgeSex,2098,2098
2022,Population1JanuaryBySingleAgeSex,2099,2099
2022,Population1JanuaryBySingleAgeSex,2100,2100
2022,Population1JanuaryBySingleAgeSex,2101,2101
2022,PopulationByAge5GroupSex,2022,2022
2022,PopulationByAge5GroupSex,2023,2023
2022,PopulationByAge5GroupSex,2024,2024
2022,PopulationByAge5GroupSex,2025,2025
2022,PopulationByAge5GroupSex,2026,2026
2022,PopulationByAge5GroupSex,2027,2027
2022,PopulationByAge5GroupSex,2028,2028
2022,PopulationByAge5GroupSex,2029,2029
2022,PopulationByAge5GroupSex,2030,2030
2022,PopulationByAge5GroupSex,2031,2031
2022,PopulationByAge5GroupSex,2032,2032
2022,PopulationByAge5GroupSex,2033,2033
2022,PopulationByAge5GroupSex,2034,2034
2022,PopulationByAge5GroupSex,2035,2035
2022,PopulationByAge5GroupSex,2036,2036
2022,PopulationByAge5GroupSex,2037,2037
2022,PopulationByAge5GroupSex,2038,2038
2022,PopulationByAge5GroupSex,2039,2039
2022,PopulationByAge5GroupSex,2040,2040
2022,PopulationByAge5GroupSex,2041,2041
2022,PopulationByAge5GroupSex,2042,2042
2022,PopulationByAge5GroupSex,2043,2043
2022,PopulationByAge5GroupSex,2044,2044
2022,PopulationByAge5GroupSex,2045,2045
2022,PopulationByAge5GroupSex,2046,2046
2022,PopulationByAge5GroupSex,2047,2047
2022,PopulationByAge5GroupSex,2048,2048
2022,PopulationByAge5GroupSex,2049,2049
2022,PopulationByAge5GroupSex,2050,2050
2022,PopulationByAge5GroupSex,2051,2051
2022,PopulationByAge5GroupSex,2052,2052
2022,PopulationByAge5GroupSex,2053,2053
2022,PopulationByAge5GroupSex,2054,2054
2022,PopulationByAge5GroupSex,2055,2055
2022,PopulationByAge5GroupSex,2056,2056
2022,PopulationByAge5GroupSex,2057,2057
2022,PopulationByAge5GroupSex,2058,2058
2022,PopulationByAge5GroupSex,2059,2059
2022,PopulationByAge5GroupSex,2060,2060
2022,PopulationByAge5GroupSex,2061,2061
2022,PopulationByAge5GroupSex,2062,2062
2022,PopulationByAge5GroupSex,2063,2063
2022,PopulationByAge5GroupSex,2064,2064
2022,PopulationByAge5GroupSex,2065,2065
2022,PopulationByAge5GroupSex,2066,2066
2022,PopulationByAge5GroupSex,2067,2067
2022,PopulationByAge5GroupSex,2068,2068
2022,PopulationByAge5GroupSex,2069,2069
2022,PopulationByAge5GroupSex,2070,2070
2022,PopulationByAge5GroupSex,2071,2071
2022,PopulationByAge5GroupSex,2072,2072
2022,PopulationByAge5GroupSex,2073,2073
2022,PopulationByAge5GroupSex,2074,2074
2022,PopulationByAge5GroupSex,2075,2075
2022,PopulationByAge5GroupSex,2076,2076
2022,PopulationByAge5GroupSex,2077,2077
2022,PopulationByAge5GroupSex,2078,2078
2022,PopulationByAge5GroupSex,2079,2079
2022,PopulationByAge5GroupSex,2080,2080
2022,PopulationByAge5GroupSex,2081,2081
2022,PopulationByAge5GroupSex,2082,2082
2022,PopulationByAge5GroupSex,2083,2083
2022,PopulationByAge5GroupSex,2084,2084
2022,PopulationByAge5GroupSex,2085,2085
2022,PopulationByAge5GroupSex,2086,2086
2022,PopulationByAge5GroupSex,2087,2087
2022,PopulationByAge5GroupSex,2088,2088
2022,PopulationByAge5GroupSex,2089,2089
2022,PopulationByAge5GroupSex,2090,2090
2022,PopulationByAge5GroupSex,2091,2091
2022,PopulationByAge5GroupSex,2092,2092
2022,PopulationByAge5GroupSex,2093,2093
2022,PopulationByAge5GroupSex,2094,2094
2022,PopulationByAge5GroupSex,2095,2095
2022,PopulationByAge5GroupSex,2096,2096
2022,PopulationByAge5GroupSex,2097,2097
2022,PopulationByAge5GroupSex,2098,2098
2022,PopulationByAge5GroupSex,2099,2099
2022,PopulationByAge5GroupSex,2100,2100
2022,PopulationByAge5GroupSex,1950,1950
2022,PopulationByAge5GroupSex,1951,1951
2022,PopulationByAge5GroupSex,1952,1952
2022,PopulationByAge5GroupSex,1953,1953
2022,PopulationByAge5GroupSex,1954,1954
2022,PopulationByAge5GroupSex,1955,1955
2022,PopulationByAge5GroupSex,1956,1956
2022,PopulationByAge5GroupSex,1957,1957
2022,PopulationByAge5GroupSex,1958,1958
2022,PopulationByAge5GroupSex,1959,1959
2022,PopulationByAge5GroupSex,1960,1960
2022,PopulationByAge5GroupSex,1961,1961
2022,PopulationByAge5GroupSex,1962,1962
2022,PopulationByAge5GroupSex,1963,1963
2022,PopulationByAge5GroupSex,1964,1964
2022,PopulationByAge5GroupSex,1965,1965
2022,PopulationByAge5GroupSex,1966,1966
2022,PopulationByAge5GroupSex,1967,1967
2022,PopulationByAge5GroupSex,1968,1968
2022,PopulationByAge5GroupSex,1969,1969
2022,PopulationByAge5GroupSex,1970,1970
2022,PopulationByAge5GroupSex,1971,1971
2022,PopulationByAge5GroupSex,1972,1972
2022,PopulationByAge5GroupSex,1973,1973
2022,PopulationByAge5GroupSex,1974,1974
2022,PopulationByAge5GroupSex,1975,1975
2022,PopulationByAge5GroupSex,1976,1976
2022,PopulationByAge5GroupSex,1977,1977
2022,PopulationByAge5GroupSex,1978,1978
2022,PopulationByAge5GroupSex,1979,1979
2022,PopulationByAge5GroupSex,1980,1980
2022,PopulationByAge5GroupSex,1981,1981
2022,PopulationByAge5GroupSex,1982,1982
2022,PopulationByAge5GroupSex,1983,1983
2022,PopulationByAge5GroupSex,1984,1984
2022,PopulationByAge5GroupSex,1985,1985
2022,PopulationByAge5GroupSex,1986,1986
2022,PopulationByAge5GroupSex,1987,1987
2022,PopulationByAge5GroupSex,1988,1988
2022,PopulationByAge5GroupSex,1989,1989
2022,PopulationByAge5GroupSex,1990,1990
2022,PopulationByAge5GroupSex,1991,1991
2022,PopulationByAge5GroupSex,1992,1992
2022,PopulationByAge5GroupSex,1993,1993
2022,PopulationByAge5GroupSex,1994,1994
2022,PopulationByAge5GroupSex,1995,1995
2022,PopulationByAge5GroupSex,1996,1996
2022,PopulationByAge5GroupSex,1997,1997
2022,PopulationByAge5GroupSex,1998,1998
2022,PopulationByAge5GroupSex,1999,1999
2022,PopulationByAge5GroupSex,2000,2000
2022,PopulationByAge5GroupSex,2001,2001
2022,PopulationByAge5GroupSex,2002,2002
2022,PopulationByAge5GroupSex,2003,2003
2022,PopulationByAge5GroupSex,2004,2004
2022,PopulationByAge5GroupSex,2005,2005
2022,PopulationByAge5GroupSex,2006,2006
2022,PopulationByAge5GroupSex,2007,2007
2022,PopulationByAge5GroupSex,2008,2008
2022,PopulationByAge5GroupSex,2009,2009
2022,PopulationByAge5GroupSex,2010,2010
2022,PopulationByAge5GroupSex,2011,2011
2022,PopulationByAge5GroupSex,2012,2012
2022,PopulationByAge5GroupSex,2013,2013
2022,PopulationByAge5GroupSex,2014,2014
2022,PopulationByAge5GroupSex,2015,2015
2022,PopulationByAge5GroupSex,2016,2016
2022,PopulationByAge5GroupSex,2017,2017
2022,PopulationByAge5GroupSex,2018,2018
2022,PopulationByAge5GroupSex,2019,2019
2022,PopulationByAge5GroupSex,2020,2020
2022,PopulationByAge5GroupSex,2021,2021
2022,PopulationByAge5GroupSex_Percentage,2022,2022
2022,PopulationByAge5GroupSex_Percentage,2023,2023
2022,PopulationByAge5GroupSex_Percentage,2024,2024
2022,PopulationByAge5GroupSex_Percentage,2025,2025
2022,PopulationByAge5GroupSex_Percentage,2026,2026
2022,PopulationByAge5GroupSex_Percentage,2027,2027
2022,PopulationByAge5GroupSex_Percentage,2028,2028
2022,PopulationByAge5GroupSex_Percentage,2029,2029
2022,PopulationByAge5GroupSex_Percentage,2030,2030
2022,PopulationByAge5GroupSex_Percentage,2031,2031
2022,PopulationByAge5GroupSex_Percentage,2032,2032
2022,PopulationByAge5GroupSex_Percentage,2033,2033
2022,PopulationByAge5GroupSex_Percentage,2034,2034
2022,PopulationByAge5GroupSex_Percentage,2035,2035
2022,PopulationByAge5GroupSex_Percentage,2036,2036
2022,PopulationByAge5GroupSex_Percentage,2037,2037
2022,PopulationByAge5GroupSex_Percentage,2038,2038
2022,PopulationByAge5GroupSex_Percentage,2039,2039
2022,PopulationByAge5GroupSex_Percentage,2040,2040
2022,PopulationByAge5GroupSex_Percentage,2041,2041
2022,PopulationByAge5GroupSex_Percentage,2042,2042
2022,PopulationByAge5GroupSex_Percentage,2043,2043
2022,PopulationByAge5GroupSex_Percentage,2044,2044
2022,PopulationByAge5GroupSex_Percentage,2045,2045
2022,PopulationByAge5GroupSex_Percentage,2046,2046
2022,PopulationByAge5GroupSex_Percentage,2047,2047
2022,PopulationByAge5GroupSex_Percentage,2048,2048
2022,PopulationByAge5GroupSex_Percentage,2049,2049
2022,PopulationByAge5GroupSex_Percentage,2050,2050
2022,PopulationByAge5GroupSex_Percentage,2051,2051
2022,PopulationByAge5GroupSex_Percentage,2052,2052
2022,PopulationByAge5GroupSex_Percentage,2053,2053
2022,PopulationByAge5GroupSex_Percentage,2054,2054
2022,PopulationByAge5GroupSex_Percentage,2055,2055
2022,PopulationByAge5GroupSex_Percentage,2056,2056
2022,PopulationByAge5GroupSex_Percentage,2057,2057
2022,PopulationByAge5GroupSex_Percentage,2058,2058
2022,PopulationByAge5GroupSex_Percentage,2059,2059
2022,PopulationByAge5GroupSex_Percentage,2060,2060
2022,PopulationByAge5GroupSex_Percentage,2061,2061
2022,PopulationByAge5GroupSex_Percentage,2062,2062
2022,PopulationByAge5GroupSex_Percentage,2063,2063
2022,PopulationByAge5GroupSex_Percentage,2064,2064
2022,PopulationByAge5GroupSex_Percentage,2065,2065
2022,PopulationByAge5GroupSex_Percentage,2066,2066
2022,PopulationByAge5GroupSex_Percentage,2067,2067
2022,PopulationByAge5GroupSex_Percentage,2068,2068
2022,PopulationByAge5GroupSex_Percentage,2069,2069
2022,PopulationByAge5GroupSex_Percentage,2070,2070
2022,PopulationByAge5GroupSex_Percentage,2071,2071
2022,PopulationByAge5GroupSex_Percentage,2072,2072
2022,PopulationByAge5GroupSex_Percentage,2073,2073
2022,PopulationByAge5GroupSex_Percentage,2074,2074
2022,PopulationByAge5GroupSex_Percentage,2075,2075
2022,PopulationByAge5GroupSex_Percentage,2076,2076
2022,PopulationByAge5GroupSex_Percentage,2077,2077
2022,PopulationByAge5GroupSex_Percentage,2078,2078
2022,PopulationByAge5GroupSex_Percentage,2079,2079
2022,PopulationByAge5GroupSex_Percentage,2080,2080
2022,PopulationByAge5GroupSex_Percentage,2081,2081
2022,PopulationByAge5GroupSex_Percentage,2082,2082
2022,PopulationByAge5GroupSex_Percentage,2083,2083
2022,PopulationByAge5GroupSex_Percentage,2084,2084
2022,PopulationByAge5GroupSex_Percentage,2085,2085
2022,PopulationByAge5GroupSex_Percentage,2086,2086
2022,PopulationByAge5GroupSex_Percentage,2087,2087
2022,PopulationByAge5GroupSex_Percentage,2088,2088
2022,PopulationByAge5GroupSex_Percentage,2089,2089
2022,PopulationByAge5GroupSex_Percentage,2090,2090
2022,PopulationByAge5GroupSex_Percentage,2091,2091
2022,PopulationByAge5GroupSex_Percentage,2092,2092
2022,PopulationByAge5GroupSex_Percentage,2093,2093
2022,PopulationByAge5GroupSex_Percentage,2094,2094
2022,PopulationByAge5GroupSex_Percentage,2095,2095
2022,PopulationByAge5GroupSex_Percentage,2096,2096
2022,PopulationByAge5GroupSex_Percentage,2097,2097
2022,PopulationByAge5GroupSex_Percentage,2098,2098
2022,PopulationByAge5GroupSex_Percentage,2099,2099
2022,PopulationByAge5GroupSex_Percentage,2100,2100
2022,PopulationByAge5GroupSex_Percentage,1950,1950
2022,PopulationByAge5GroupSex_Percentage,1951,1951
2022,PopulationByAge5GroupSex_Percentage,1952,1952
2022,PopulationByAge5GroupSex_Percentage,1953,1953
2022,PopulationByAge5GroupSex_Percentage,1954,1954
2022,PopulationByAge5GroupSex_Percentage,1955,1955
2022,PopulationByAge5GroupSex_Percentage,1956,1956
2022,PopulationByAge5GroupSex_Percentage,1957,1957
2022,PopulationByAge5GroupSex_Percentage,1958,1958
2022,PopulationByAge5GroupSex_Percentage,1959,1959
2022,PopulationByAge5GroupSex_Percentage,1960,1960
2022,PopulationByAge5GroupSex_Percentage,1961,1961
2022,PopulationByAge5GroupSex_Percentage,1962,1962
2022,PopulationByAge5GroupSex_Percentage,1963,1963
2022,PopulationByAge5GroupSex_Percentage,1964,1964
2022,PopulationByAge5GroupSex_Percentage,1965,1965
2022,PopulationByAge5GroupSex_Percentage,1966,1966
2022,PopulationByAge5GroupSex_Percentage,1967,1967
2022,PopulationByAge5GroupSex_Percentage,1968,1968
2022,PopulationByAge5GroupSex_Percentage,1969,1969
2022,PopulationByAge5GroupSex_Percentage,1970,1970
2022,PopulationByAge5GroupSex_Percentage,1971,1971
2022,PopulationByAge5GroupSex_Percentage,1972,1972
2022,PopulationByAge5GroupSex_Percentage,1973,1973
2022,PopulationByAge5GroupSex_Percentage,1974,1974
2022,PopulationByAge5GroupSex_Percentage,1975,1975
2022,PopulationByAge5GroupSex_Percentage,1976,1976
2022,PopulationByAge5GroupSex_Percentage,1977,1977
2022,PopulationByAge5GroupSex_Percentage,1978,1978
2022,PopulationByAge5GroupSex_Percentage,1979,1979
2022,PopulationByAge5GroupSex_Percentage,1980,1980
2022,PopulationByAge5GroupSex_Percentage,1981,1981
2022,PopulationByAge5GroupSex_Percentage,1982,1982
2022,PopulationByAge5GroupSex_Percentage,1983,1983
2022,PopulationByAge5GroupSex_Percentage,1984,1984
2022,PopulationByAge5GroupSex_Percentage,1985,1985
2022,PopulationByAge5GroupSex_Percentage,1986,1986
2022,PopulationByAge5GroupSex_Percentage,1987,1987
2022,PopulationByAge5GroupSex_Percentage,1988,1988
2022,PopulationByAge5GroupSex_Percentage,1989,1989
2022,PopulationByAge5GroupSex_Percentage,1990,1990
2022,PopulationByAge5GroupSex_Percentage,1991,1991
2022,PopulationByAge5GroupSex_Percentage,1992,1992
2022,PopulationByAge5GroupSex_Percentage,1993,1993
2022,PopulationByAge5GroupSex_Percentage,1994,1994
2022,PopulationByAge5GroupSex_Percentage,1995,1995
2022,PopulationByAge5GroupSex_Percentage,1996,1996
2022,PopulationByAge5GroupSex_Percentage,1997,1997
2022,PopulationByAge5GroupSex_Percentage,1998,1998
2022,PopulationByAge5GroupSex_Percentage,1999,1999
2022,PopulationByAge5GroupSex_Percentage,2000,2000
2022,PopulationByAge5GroupSex_Percentage,2001,2001
2022,PopulationByAge5GroupSex_Percentage,2002,2002
2022,PopulationByAge5GroupSex_Percentage,2003,2003
2022,PopulationByAge5GroupSex_Percentage,2004,2004
2022,PopulationByAge5GroupSex_Percentage,2005,2005
2022,PopulationByAge5GroupSex_Percentage,2006,2006
2022,PopulationByAge5GroupSex_Percentage,2007,2007
2022,PopulationByAge5GroupSex_Percentage,2008,2008
2022,PopulationByAge5GroupSex_Percentage,2009,2009
2022,PopulationByAge5GroupSex_Percentage,2010,2010
2022,PopulationByAge5GroupSex_Percentage,2011,2011
2022,PopulationByAge5GroupSex_Percentage,2012,2012
2022,PopulationByAge5GroupSex_Percentage,2013,2013
2022,PopulationByAge5GroupSex_Percentage,2014,2014
2022,PopulationByAge5GroupSex_Percentage,2015,2015
2022,PopulationByAge5GroupSex_Percentage,2016,2016
2022,PopulationByAge5GroupSex_Percentage,2017,2017
2022,PopulationByAge5GroupSex_Percentage,2018,2018
2022,PopulationByAge5GroupSex_Percentage,2019,2019
2022,PopulationByAge5GroupSex_Percentage,2020,2020
2022,PopulationByAge5GroupSex_Percentage,2021,2021
2022,PopulationBySingleAgeSex,2022,2022
2022,PopulationBySingleAgeSex,2023,2023
2022,PopulationBySingleAgeSex,2024,2024
2022,PopulationBySingleAgeSex,2025,2025
2022,PopulationBySingleAgeSex,2026,2026
2022,PopulationBySingleAgeSex,2027,2027
2022,PopulationBySingleAgeSex,2028,2028
2022,PopulationBySingleAgeSex,2029,2029
2022,PopulationBySingleAgeSex,2030,2030
2022,PopulationBySingleAgeSex,2031,2031
2022,PopulationBySingleAgeSex,2032,2032
2022,PopulationBySingleAgeSex,2033,2033
2022,PopulationBySingleAgeSex,2034,2034
2022,PopulationBySingleAgeSex,2035,2035
2022,PopulationBySingleAgeSex,2036,2036
2022,PopulationBySingleAgeSex,2037,2037
2022,PopulationBySingleAgeSex,2038,2038
2022,PopulationBySingleAgeSex,2039,2039
2022,PopulationBySingleAgeSex,2040,2040
2022,PopulationBySingleAgeSex,2041,2041
2022,PopulationBySingleAgeSex,2042,2042
2022,PopulationBySingleAgeSex,2043,2043
2022,PopulationBySingleAgeSex,2044,2044
2022,PopulationBySingleAgeSex,2045,2045
2022,PopulationBySingleAgeSex,2046,2046
2022,PopulationBySingleAgeSex,2047,2047
2022,PopulationBySingleAgeSex,2048,2048
2022,PopulationBySingleAgeSex,2049,2049
2022,PopulationBySingleAgeSex,2050,2050
2022,PopulationBySingleAgeSex,2051,2051
2022,PopulationBySingleAgeSex,2052,2052
2022,PopulationBySingleAgeSex,2053,2053
2022,PopulationBySingleAgeSex,2054,2054
2022,PopulationBySingleAgeSex,2055,2055
2022,PopulationBySingleAgeSex,2056,2056
2022,PopulationBySingleAgeSex,2057,2057
2022,PopulationBySingleAgeSex,2058,2058
2022,PopulationBySingleAgeSex,2059,2059
2022,PopulationBySingleAgeSex,2060,2060
2022,PopulationBySingleAgeSex,2061,2061
2022,PopulationBySingleAgeSex,2062,2062
2022,PopulationBySingleAgeSex,2063,2063
2022,PopulationBySingleAgeSex,2064,2064
2022,PopulationBySingleAgeSex,2065,2065
2022,PopulationBySingleAgeSex,2066,2066
2022,PopulationBySingleAgeSex,2067,2067
2022,PopulationBySingleAgeSex,2068,2068
2022,PopulationBySingleAgeSex,2069,2069
2022,PopulationBySingleAgeSex,2070,2070
2022,PopulationBySingleAgeSex,2071,2071
2022,PopulationBySingleAgeSex,2072,2072
2022,PopulationBySingleAgeSex,2073,2073
2022,PopulationBySingleAgeSex,2074,2074
2022,PopulationBySingleAgeSex,2075,2075
2022,PopulationBySingleAgeSex,2076,2076
2022,PopulationBySingleAgeSex,2077,2077
2022,PopulationBySingleAgeSex,2078,2078
2022,PopulationBySingleAgeSex,2079,2079
2022,PopulationBySingleAgeSex,2080,2080
2022,PopulationBySingleAgeSex,2081,2081
2022,PopulationBySingleAgeSex,2082,2082
2022,PopulationBySingleAgeSex,2083,2083
2022,PopulationBySingleAgeSex,2084,2084
2022,PopulationBySingleAgeSex,2085,2085
2022,PopulationBySingleAgeSex,2086,2086
2022,PopulationBySingleAgeSex,2087,2087
2022,PopulationBySingleAgeSex,2088,2088
2022,PopulationBySingleAgeSex,2089,2089
2022,PopulationBySingleAgeSex,2090,2090
2022,PopulationBySingleAgeSex,2091,2091
2022,PopulationBySingleAgeSex,2092,2092
2022,PopulationBySingleAgeSex,2093,2093
2022,PopulationBySingleAgeSex,2094,2094
2022,PopulationBySingleAgeSex,2095,2095
2022,PopulationBySingleAgeSex,2096,2096
2022,PopulationBySingleAgeSex,2097,2097
2022,PopulationBySingleAgeSex,2098,2098
2022,PopulationBySingleAgeSex,2099,2099
2022,PopulationBySingleAgeSex,2100,2100
2022,PopulationBySingleAgeSex,1950,1950
2022,PopulationBySingleAgeSex,1951,1951
2022,PopulationBySingleAgeSex,1952,1952
2022,PopulationBySingleAgeSex,1953,1953
2022,PopulationBySingleAgeSex,1954,1954
2022,PopulationBySingleAgeSex,1955,1955
2022,PopulationBySingleAgeSex,1956,1956
2022,PopulationBySingleAgeSex,1957,1957
2022,PopulationBySingleAgeSex,1958,1958
2022,PopulationBySingleAgeSex,1959,1959
2022,PopulationBySingleAgeSex,1960,1960
2022,PopulationBySingleAgeSex,1961,1961
2022,PopulationBySingleAgeSex,1962,1962
2022,PopulationBySingleAgeSex,1963,1963
2022,PopulationBySingleAgeSex,1964,1964
2022,PopulationBySingleAgeSex,1965,1965
2022,PopulationBySingleAgeSex,1966,1966
2022,PopulationBySingleAgeSex,1967,1967
2022,PopulationBySingleAgeSex,1968,1968
2022,PopulationBySingleAgeSex,1969,1969
2022,PopulationBySingleAgeSex,1970,1970
2022,PopulationBySingleAgeSex,1971,1971
2022,PopulationBySingleAgeSex,1972,1972
2022,PopulationBySingleAgeSex,1973,1973
2022,PopulationBySingleAgeSex,1974,1974
2022,PopulationBySingleAgeSex,1975,1975
2022,PopulationBySingleAgeSex,1976,1976
2022,PopulationBySingleAgeSex,1977,1977
2022,PopulationBySingleAgeSex,1978,1978
2022,PopulationBySingleAgeSex,1979,1979
2022,PopulationBySingleAgeSex,1980,1980
2022,PopulationBySingleAgeSex,1981,1981
2022,PopulationBySingleAgeSex,1982,1982
2022,PopulationBySingleAgeSex,1983,1983
2022,PopulationBySingleAgeSex,1984,1984
2022,PopulationBySingleAgeSex,1985,1985
2022,PopulationBySingleAgeSex,1986,1986
2022,PopulationBySingleAgeSex,1987,1987
2022,PopulationBySingleAgeSex,1988,1988
2022,PopulationBySingleAgeSex,1989,1989
2022,PopulationBySingleAgeSex,1990,1990
2022,PopulationBySingleAgeSex,1991,1991
2022,PopulationBySingleAgeSex,1992,1992
2022,PopulationBySingleAgeSex,1993,1993
2022,PopulationBySingleAgeSex,1994,1994
2022,PopulationBySingleAgeSex,1995,1995
2022,PopulationBySingleAgeSex,1996,1996
2022,PopulationBySingleAgeSex,1997,1997
2022,PopulationBySingleAgeSex,1998,1998
2022,PopulationBySingleAgeSex,1999,1999
2022,PopulationBySingleAgeSex,2000,2000
2022,PopulationBySingleAgeSex,2001,2001
2022,PopulationBySingleAgeSex,2002,2002
2022,PopulationBySingleAgeSex,2003,2003
2022,PopulationBySingleAgeSex,2004,2004
2022,PopulationBySingleAgeSex,2005,2005
2022,PopulationBySingleAgeSex,2006,2006
2022,PopulationBySingleAgeSex,2007,2007
2022,PopulationBySingleAgeSex,2008,2008
2022,PopulationBySingleAgeSex,2009,2009
2022,PopulationBySingleAgeSex,2010,2010
2022,PopulationBySingleAgeSex,2011,2011
2022,PopulationBySingleAgeSex,2012,2012
2022,PopulationBySingleAgeSex,2013,2013
2022,PopulationBySingleAgeSex,2014,2014
2022,PopulationBySingleAgeSex,2015,2015
2022,PopulationBySingleAgeSex,2016,2016
2022,PopulationBySingleAgeSex,2017,2017
2022,PopulationBySingleAgeSex,2018,2018
2022,PopulationBySingleAgeSex,2019,2019
2022,PopulationBySingleAgeSex,2020,2020
2022,PopulationBySingleAgeSex,2021,2021
2022,PopulationBySingleAgeSex_Percentage,1950,1950
2022,PopulationBySingleAgeSex_Percentage,1951,1951
2022,PopulationBySingleAgeSex_Percentage,1952,1952
2022,PopulationBySingleAgeSex_Percentage,1953,1953
2022,PopulationBySingleAgeSex_Percentage,1954,1954
2022,PopulationBySingleAgeSex_Percentage,1955,1955
2022,PopulationBySingleAgeSex_Percentage,1956,1956
2022,PopulationBySingleAgeSex_Percentage,1957,1957
2022,PopulationBySingleAgeSex_Percentage,1958,1958
2022,PopulationBySingleAgeSex_Percentage,1959,1959
2022,PopulationBySingleAgeSex_Percentage,1960,1960
2022,PopulationBySingleAgeSex_Percentage,1961,1961
2022,PopulationBySingleAgeSex_Percentage,1962,1962
2022,PopulationBySingleAgeSex_Percentage,1963,1963
2022,PopulationBySingleAgeSex_Percentage,1964,1964
2022,PopulationBySingleAgeSex_Percentage,1965,1965
2022,PopulationBySingleAgeSex_Percentage,1966,1966
2022,PopulationBySingleAgeSex_Percentage,1967,1967
2022,PopulationBySingleAgeSex_Percentage,1968,1968
2022,PopulationBySingleAgeSex_Percentage,1969,1969
2022,PopulationBySingleAgeSex_Percentage,1970,1970
2022,PopulationBySingleAgeSex_Percentage,1971,1971
2022,PopulationBySingleAgeSex_Percentage,1972,1972
2022,PopulationBySingleAgeSex_Percentage,1973,1973
2022,PopulationBySingleAgeSex_Percentage,1974,1974
2022,PopulationBySingleAgeSex_Percentage,1975,1975
2022,PopulationBySingleAgeSex_Percentage,1976,1976
2022,PopulationBySingleAgeSex_Percentage,1977,1977
2022,PopulationBySingleAgeSex_Percentage,1978,1978
2022,PopulationBySingleAgeSex_Percentage,1979,1979
2022,PopulationBySingleAgeSex_Percentage,1980,1980
2022,PopulationBySingleAgeSex_Percentage,1981,1981
2022,PopulationBySingleAgeSex_Percentage,1982,1982
2022,PopulationBySingleAgeSex_Percentage,1983,1983
2022,PopulationBySingleAgeSex_Percentage,1984,1984
2022,PopulationBySingleAgeSex_Percentage,1985,1985
2022,PopulationBySingleAgeSex_Percentage,1986,1986
2022,PopulationBySingleAgeSex_Percentage,1987,1987
2022,PopulationBySingleAgeSex_Percentage,1988,1988
2022,PopulationBySingleAgeSex_Percentage,1989,1989
2022,PopulationBySingleAgeSex_Percentage,1990,1990
2022,PopulationBySingleAgeSex_Percentage,1991,1991
2022,PopulationBySingleAgeSex_Percentage,1992,1992
2022,PopulationBySingleAgeSex_Percentage,1993,1993
2022,PopulationBySingleAgeSex_Percentage,1994,1994
2022,PopulationBySingleAgeSex_Percentage,1995,1995
2022,PopulationBySingleAgeSex_Percentage,1996,1996
2022,PopulationBySingleAgeSex_Percentage,1997,1997
2022,PopulationBySingleAgeSex_Percentage,1998,1998
2022,PopulationBySingleAgeSex_Percentage,1999,1999
2022,PopulationBySingleAgeSex_Percentage,2000,2000
2022,PopulationBySingleAgeSex_Percentage,2001,2001
2022,PopulationBySingleAgeSex_Percentage,2002,2002
2022,PopulationBySingleAgeSex_Percentage,2003,2003
2022,PopulationBySingleAgeSex_Percentage,2004,2004
2022,PopulationBySingleAgeSex_Percentage,2005,2005
2022,PopulationBySingleAgeSex_Percentage,2006,2006
2022,PopulationBySingleAgeSex_Percentage,2007,2007
2022,PopulationBySingleAgeSex_Percentage,2008,2008
2022,PopulationBySingleAgeSex_Percentage,2009,2009
2022,PopulationBySingleAgeSex_Percentage,2010,2010
2022,PopulationBySingleAgeSex_Percentage,2011,2011
2022,PopulationBySingleAgeSex_Percentage,2012,2012
2022,PopulationBySingleAgeSex_Percentage,2013,2013
2022,PopulationBySingleAgeSex_Percentage,2014,2014
2022,PopulationBySingleAgeSex_Percentage,2015,2015
2022,PopulationBySingleAgeSex_Percentage,2016,2016
2022,PopulationBySingleAgeSex_Percentage,2017,2017
2022,PopulationBySingleAgeSex_Percentage,2018,2018
2022,PopulationBySingleAgeSex_Percentage,2019,2019
2022,PopulationBySingleAgeSex_Percentage,2020,2020
2022,PopulationBySingleAgeSex_Percentage,2021,2021
2022,PopulationBySingleAgeSex_Percentage,2022,2022
2022,PopulationBySingleAgeSex_Percentage,2023,2023
2022,PopulationBySingleAgeSex_Percentage,2024,2024
2022,PopulationBySingleAgeSex_Percentage,2025,2025
2022,PopulationBySingleAgeSex_Percentage,2026,2026
2022,PopulationBySingleAgeSex_Percentage,2027,2027
2022,PopulationBySingleAgeSex_Percentage,2028,2028
2022,PopulationBySingleAgeSex_Percentage,2029,2029
2022,PopulationBySingleAgeSex_Percentage,2030,2030
2022,PopulationBySingleAgeSex_Percentage,2031,2031
2022,PopulationBySingleAgeSex_Percentage,2032,2032
2022,PopulationBySingleAgeSex_Percentage,2033,2033
2022,PopulationBySingleAgeSex_Percentage,2034,2034
2022,PopulationBySingleAgeSex_Percentage,2035,2035
2022,PopulationBySingleAgeSex_Percentage,2036,2036
2022,PopulationBySingleAgeSex_Percentage,2037,2037
2022,PopulationBySingleAgeSex_Percentage,2038,2038
2022,PopulationBySingleAgeSex_Percentage,2039,2039
2022,PopulationBySingleAgeSex_Percentage,2040,2040
2022,PopulationBySingleAgeSex_Percentage,2041,2041
2022,PopulationBySingleAgeSex_Percentage,2042,2042
2022,PopulationBySingleAgeSex_Percentage,2043,2043
2022,PopulationBySingleAgeSex_Percentage,2044,2044
2022,PopulationBySingleAgeSex_Percentage,2045,2045
2022,PopulationBySingleAgeSex_Percentage,2046,2046
2022,PopulationBySingleAgeSex_Percentage,2047,2047
2022,PopulationBySingleAgeSex_Percentage,2048,2048
2022,PopulationBySingleAgeSex_Percentage,2049,2049
2022,PopulationBySingleAgeSex_Percentage,2050,2050
2022,PopulationBySingleAgeSex_Percentage,2051,2051
2022,PopulationBySingleAgeSex_Percentage,2052,2052
2022,PopulationBySingleAgeSex_Percentage,2053,2053
2022,PopulationBySingleAgeSex_Percentage,2054,2054
2022,PopulationBySingleAgeSex_Percentage,2055,2055
2022,PopulationBySingleAgeSex_Percentage,2056,2056
2022,PopulationBySingleAgeSex_Percentage,2057,2057
2022,PopulationBySingleAgeSex_Percentage,2058,2058
2022,PopulationBySingleAgeSex_Percentage,2059,2059
2022,PopulationBySingleAgeSex_Percentage,2060,2060
2022,PopulationBySingleAgeSex_Percentage,2061,2061
2022,PopulationBySingleAgeSex_Percentage,2062,2062
2022,PopulationBySingleAgeSex_Percentage,2063,2063
2022,PopulationBySingleAgeSex_Percentage,2064,2064
2022,PopulationBySingleAgeSex_Percentage,2065,2065
2022,PopulationBySingleAgeSex_Percentage,2066,2066
2022,PopulationBySingleAgeSex_Percentage,2067,2067
2022,PopulationBySingleAgeSex_Percentage,2068,2068
2022,PopulationBySingleAgeSex_Percentage,2069,2069
2022,PopulationBySingleAgeSex_Percentage,2070,2070
2022,PopulationBySingleAgeSex_Percentage,2071,2071
2022,PopulationBySingleAgeSex_Percentage,2072,2072
2022,PopulationBySingleAgeSex_Percentage,2073,2073
2022,PopulationBySingleAgeSex_Percentage,2074,2074
2022,PopulationBySingleAgeSex_Percentage,2075,2075
2022,PopulationBySingleAgeSex_Percentage,2076,2076
2022,PopulationBySingleAgeSex_Percentage,2077,2077
2022,PopulationBySingleAgeSex_Percentage,2078,2078
2022,PopulationBySingleAgeSex_Percentage,2079,2079
2022,PopulationBySingleAgeSex_Percentage,2080,2080
2022,PopulationBySingleAgeSex_Percentage,2081,2081
2022,PopulationBySingleAgeSex_Percentage,2082,2082
2022,PopulationBySingleAgeSex_Percentage,2083,2083
2022,PopulationBySingleAgeSex_Percentage,2084,2084
2022,PopulationBySingleAgeSex_Percentage,2085,2085
2022,PopulationBySingleAgeSex_Percentage,2086,2086
2022,PopulationBySingleAgeSex_Percentage,2087,2087
2022,PopulationBySingleAgeSex_Percentage,2088,2088
2022,PopulationBySingleAgeSex_Percentage,2089,2089
2022,PopulationBySingleAgeSex_Percentage,2090,2090
2022,PopulationBySingleAgeSex_Percentage,2091,2091
2022,PopulationBySingleAgeSex_Percentage,2092,2092
2022,PopulationBySingleAgeSex_Percentage,2093,2093
2022,PopulationBySingleAgeSex_Percentage,2094,2094
2022,PopulationBySingleAgeSex_Percentage,2095,2095
2022,PopulationBySingleAgeSex_Percentage,2096,2096
2022,PopulationBySingleAgeSex_Percentage,2097,2097
2022,PopulationBySingleAgeSex_Percentage,2098,2098
2022,PopulationBySingleAgeSex_Percentage,2099,2099
2022,PopulationBySingleAgeSex_Percentage,2100,2100
2022,PopulationExposureByAge5GroupSex,2022,2022.5
2022,PopulationExposureByAge5GroupSex,2023,2023.5
2022,PopulationExposureByAge5GroupSex,2024,2024.5
2022,PopulationExposureByAge5GroupSex,2025,2025.5
2022,PopulationExposureByAge5GroupSex,2026,2026.5
2022,PopulationExposureByAge5GroupSex,2027,2027.5
2022,PopulationExposureByAge5GroupSex,2028,2028.5
2022,PopulationExposureByAge5GroupSex,2029,2029.5
2022,PopulationExposureByAge5GroupSex,2030,2030.5
2022,PopulationExposureByAge5GroupSex,2031,2031.5
2022,PopulationExposureByAge5GroupSex,2032,2032.5
2022,PopulationExposureByAge5GroupSex,2033,2033.5
2022,PopulationExposureByAge5GroupSex,2034,2034.5
2022,PopulationExposureByAge5GroupSex,2035,2035.5
2022,PopulationExposureByAge5GroupSex,2036,2036.5
2022,PopulationExposureByAge5GroupSex,2037,2037.5
2022,PopulationExposureByAge5GroupSex,2038,2038.5
2022,PopulationExposureByAge5GroupSex,2039,2039.5
2022,PopulationExposureByAge5GroupSex,2040,2040.5
2022,PopulationExposureByAge5GroupSex,2041,2041.5
2022,PopulationExposureByAge5GroupSex,2042,2042.5
2022,PopulationExposureByAge5GroupSex,2043,2043.5
2022,PopulationExposureByAge5GroupSex,2044,2044.5
2022,PopulationExposureByAge5GroupSex,2045,2045.5
2022,PopulationExposureByAge5GroupSex,2046,2046.5
2022,PopulationExposureByAge5GroupSex,2047,2047.5
2022,PopulationExposureByAge5GroupSex,2048,2048.5
2022,PopulationExposureByAge5GroupSex,2049,2049.5
2022,PopulationExposureByAge5GroupSex,2050,2050.5
2022,PopulationExposureByAge5GroupSex,2051,2051.5
2022,PopulationExposureByAge5GroupSex,2052,2052.5
2022,PopulationExposureByAge5GroupSex,2053,2053.5
2022,PopulationExposureByAge5GroupSex,2054,2054.5
2022,PopulationExposureByAge5GroupSex,2055,2055.5
2022,PopulationExposureByAge5GroupSex,2056,2056.5
2022,PopulationExposureByAge5GroupSex,2057,2057.5
2022,PopulationExposureByAge5GroupSex,2058,2058.5
2022,PopulationExposureByAge5GroupSex,2059,2059.5
2022,PopulationExposureByAge5GroupSex,2060,2060.5
2022,PopulationExposureByAge5GroupSex,2061,2061.5
2022,PopulationExposureByAge5GroupSex,2062,2062.5
2022,PopulationExposureByAge5GroupSex,2063,2063.5
2022,PopulationExposureByAge5GroupSex,2064,2064.5
2022,PopulationExposureByAge5GroupSex,2065,2065.5
2022,PopulationExposureByAge5GroupSex,2066,2066.5
2022,PopulationExposureByAge5GroupSex,2067,2067.5
2022,PopulationExposureByAge5GroupSex,2068,2068.5
2022,PopulationExposureByAge5GroupSex,2069,2069.5
2022,PopulationExposureByAge5GroupSex,2070,2070.5
2022,PopulationExposureByAge5GroupSex,2071,2071.5
2022,PopulationExposureByAge5GroupSex,2072,2072.5
2022,PopulationExposureByAge5GroupSex,2073,2073.5
2022,PopulationExposureByAge5GroupSex,2074,2074.5
2022,PopulationExposureByAge5GroupSex,2075,2075.5
2022,PopulationExposureByAge5GroupSex,2076,2076.5
2022,PopulationExposureByAge5GroupSex,2077,2077.5
2022,PopulationExposureByAge5GroupSex,2078,2078.5
2022,PopulationExposureByAge5GroupSex,2079,2079.5
2022,PopulationExposureByAge5GroupSex,2080,2080.5
2022,PopulationExposureByAge5GroupSex,2081,2081.5
2022,PopulationExposureByAge5GroupSex,2082,2082.5
2022,PopulationExposureByAge5GroupSex,2083,2083.5
2022,PopulationExposureByAge5GroupSex,2084,2084.5
2022,PopulationExposureByAge5GroupSex,2085,2085.5
2022,PopulationExposureByAge5GroupSex,2086,2086.5
2022,PopulationExposureByAge5GroupSex,2087,2087.5
2022,PopulationExposureByAge5GroupSex,2088,2088.5
2022,PopulationExposureByAge5GroupSex,2089,2089.5
2022,PopulationExposureByAge5GroupSex,2090,2090.5
2022,PopulationExposureByAge5GroupSex,2091,2091.5
2022,PopulationExposureByAge5GroupSex,2092,2092.5
2022,PopulationExposureByAge5GroupSex,2093,2093.5
2022,PopulationExposureByAge5GroupSex,2094,2094.5
2022,PopulationExposureByAge5GroupSex,2095,2095.5
2022,PopulationExposureByAge5GroupSex,2096,2096.5
2022,PopulationExposureByAge5GroupSex,2097,2097.5
2022,PopulationExposureByAge5GroupSex,2098,2098.5
2022,PopulationExposureByAge5GroupSex,2099,2099.5
2022,PopulationExposureByAge5GroupSex,2100,2100.5
2022,PopulationExposureByAge5GroupSex,1950,1950.5
2022,PopulationExposureByAge5GroupSex,1951,1951.5
2022,PopulationExposureByAge5GroupSex,1952,1952.5
2022,PopulationExposureByAge5GroupSex,1953,1953.5
2022,PopulationExposureByAge5GroupSex,1954,1954.5
2022,PopulationExposureByAge5GroupSex,1955,1955.5
2022,PopulationExposureByAge5GroupSex,1956,1956.5
2022,PopulationExposureByAge5GroupSex,1957,1957.5
2022,PopulationExposureByAge5GroupSex,1958,1958.5
2022,PopulationExposureByAge5GroupSex,1959,1959.5
2022,PopulationExposureByAge5GroupSex,1960,1960.5
2022,PopulationExposureByAge5GroupSex,1961,1961.5
2022,PopulationExposureByAge5GroupSex,1962,1962.5
2022,PopulationExposureByAge5GroupSex,1963,1963.5
2022,PopulationExposureByAge5GroupSex,1964,1964.5
2022,PopulationExposureByAge5GroupSex,1965,1965.5
2022,PopulationExposureByAge5GroupSex,1966,1966.5
2022,PopulationExposureByAge5GroupSex,1967,1967.5
2022,PopulationExposureByAge5GroupSex,1968,1968.5
2022,PopulationExposureByAge5GroupSex,1969,1969.5
2022,PopulationExposureByAge5GroupSex,1970,1970.5
2022,PopulationExposureByAge5GroupSex,1971,1971.5
2022,PopulationExposureByAge5GroupSex,1972,1972.5
2022,PopulationExposureByAge5GroupSex,1973,1973.5
2022,PopulationExposureByAge5GroupSex,1974,1974.5
2022,PopulationExposureByAge5GroupSex,1975,1975.5
2022,PopulationExposureByAge5GroupSex,1976,1976.5
2022,PopulationExposureByAge5GroupSex,1977,1977.5
2022,PopulationExposureByAge5GroupSex,1978,1978.5
2022,PopulationExposureByAge5GroupSex,1979,1979.5
2022,PopulationExposureByAge5GroupSex,1980,1980.5
2022,PopulationExposureByAge5GroupSex,1981,1981.5
2022,PopulationExposureByAge5GroupSex,1982,1982.5
2022,PopulationExposureByAge5GroupSex,1983,1983.5
2022,PopulationExposureByAge5GroupSex,1984,1984.5
2022,PopulationExposureByAge5GroupSex,1985,1985.5
2022,PopulationExposureByAge5GroupSex,1986,1986.5
2022,PopulationExposureByAge5GroupSex,1987,1987.5
2022,PopulationExposureByAge5GroupSex,1988,1988.5
2022,PopulationExposureByAge5GroupSex,1989,1989.5
2022,PopulationExposureByAge5GroupSex,1990,1990.5
2022,PopulationExposureByAge5GroupSex,1991,1991.5
2022,PopulationExposureByAge5GroupSex,1992,1992.5
2022,PopulationExposureByAge5GroupSex,1993,1993.5
2022,PopulationExposureByAge5GroupSex,1994,1994.5
2022,PopulationExposureByAge5GroupSex,1995,1995.5
2022,PopulationExposureByAge5GroupSex,1996,1996.5
2022,PopulationExposureByAge5GroupSex,1997,1997.5
2022,PopulationExposureByAge5GroupSex,1998,1998.5
2022,PopulationExposureByAge5GroupSex,1999,1999.5
2022,PopulationExposureByAge5GroupSex,2000,2000.5
2022,PopulationExposureByAge5GroupSex,2001,2001.5
2022,PopulationExposureByAge5GroupSex,2002,2002.5
2022,PopulationExposureByAge5GroupSex,2003,2003.5
2022,PopulationExposureByAge5GroupSex,2004,2004.5
2022,PopulationExposureByAge5GroupSex,2005,2005.5
2022,PopulationExposureByAge5GroupSex,2006,2006.5
2022,PopulationExposureByAge5GroupSex,2007,2007.5
2022,PopulationExposureByAge5GroupSex,2008,2008.5
2022,PopulationExposureByAge5GroupSex,2009,2009.5
2022,PopulationExposureByAge5GroupSex,2010,2010.5
2022,PopulationExposureByAge5GroupSex,2011,2011.5
2022,PopulationExposureByAge5GroupSex,2012,2012.5
2022,PopulationExposureByAge5GroupSex,2013,2013.5
2022,PopulationExposureByAge5GroupSex,2014,2014.5
2022,PopulationExposureByAge5GroupSex,2015,2015.5
2022,PopulationExposureByAge5GroupSex,2016,2016.5
2022,PopulationExposureByAge5GroupSex,2017,2017.5
2022,PopulationExposureByAge5GroupSex,2018,2018.5
2022,PopulationExposureByAge5GroupSex,2019,2019.5
2022,PopulationExposureByAge5GroupSex,2020,2020.5
2022,PopulationExposureByAge5GroupSex,2021,2021.5
2022,PopulationExposureBySingleAgeSex,1950,1950.5
2022,PopulationExposureBySingleAgeSex,1951,1951.5
2022,PopulationExposureBySingleAgeSex,1952,1952.5
2022,PopulationExposureBySingleAgeSex,1953,1953.5
2022,PopulationExposureBySingleAgeSex,1954,1954.5
2022,PopulationExposureBySingleAgeSex,1955,1955.5
2022,PopulationExposureBySingleAgeSex,1956,1956.5
2022,PopulationExposureBySingleAgeSex,1957,1957.5
2022,PopulationExposureBySingleAgeSex,1958,1958.5
2022,PopulationExposureBySingleAgeSex,1959,1959.5
2022,PopulationExposureBySingleAgeSex,1960,1960.5
2022,PopulationExposureBySingleAgeSex,1961,1961.5
2022,PopulationExposureBySingleAgeSex,1962,1962.5
2022,PopulationExposureBySingleAgeSex,1963,1963.5
2022,PopulationExposureBySingleAgeSex,1964,1964.5
2022,PopulationExposureBySingleAgeSex,1965,1965.5
2022,PopulationExposureBySingleAgeSex,1966,1966.5
2022,PopulationExposureBySingleAgeSex,1967,1967.5
2022,PopulationExposureBySingleAgeSex,1968,1968.5
2022,PopulationExposureBySingleAgeSex,1969,1969.5
2022,PopulationExposureBySingleAgeSex,1970,1970.5
2022,PopulationExposureBySingleAgeSex,1971,1971.5
2022,PopulationExposureBySingleAgeSex,1972,1972.5
2022,PopulationExposureBySingleAgeSex,1973,1973.5
2022,PopulationExposureBySingleAgeSex,1974,1974.5
2022,PopulationExposureBySingleAgeSex,1975,1975.5
2022,PopulationExposureBySingleAgeSex,1976,1976.5
2022,PopulationExposureBySingleAgeSex,1977,1977.5
2022,PopulationExposureBySingleAgeSex,1978,1978.5
2022,PopulationExposureBySingleAgeSex,1979,1979.5
2022,PopulationExposureBySingleAgeSex,1980,1980.5
2022,PopulationExposureBySingleAgeSex,1981,1981.5
2022,PopulationExposureBySingleAgeSex,1982,1982.5
2022,PopulationExposureBySingleAgeSex,1983,1983.5
2022,PopulationExposureBySingleAgeSex,1984,1984.5
2022,PopulationExposureBySingleAgeSex,1985,1985.5
2022,PopulationExposureBySingleAgeSex,1986,1986.5
2022,PopulationExposureBySingleAgeSex,1987,1987.5
2022,PopulationExposureBySingleAgeSex,1988,1988.5
2022,PopulationExposureBySingleAgeSex,1989,1989.5
2022,PopulationExposureBySingleAgeSex,1990,1990.5
2022,PopulationExposureBySingleAgeSex,1991,1991.5
2022,PopulationExposureBySingleAgeSex,1992,1992.5
2022,PopulationExposureBySingleAgeSex,1993,1993.5
2022,PopulationExposureBySingleAgeSex,1994,1994.5
2022,PopulationExposureBySingleAgeSex,1995,1995.5
2022,PopulationExposureBySingleAgeSex,1996,1996.5
2022,PopulationExposureBySingleAgeSex,1997,1997.5
2022,PopulationExposureBySingleAgeSex,1998,1998.5
2022,PopulationExposureBySingleAgeSex,1999,1999.5
2022,PopulationExposureBySingleAgeSex,2000,2000.5
2022,PopulationExposureBySingleAgeSex,2001,2001.5
2022,PopulationExposureBySingleAgeSex,2002,2002.5
2022,PopulationExposureBySingleAgeSex,2003,2003.5
2022,PopulationExposureBySingleAgeSex,2004,2004.5
2022,PopulationExposureBySingleAgeSex,2005,2005.5
2022,PopulationExposureBySingleAgeSex,2006,2006.5
2022,PopulationExposureBySingleAgeSex,2007,2007.5
2022,PopulationExposureBySingleAgeSex,2008,2008.5
2022,PopulationExposureBySingleAgeSex,2009,2009.5
2022,PopulationExposureBySingleAgeSex,2010,2010.5
2022,PopulationExposureBySingleAgeSex,2011,2011.5
2022,PopulationExposureBySingleAgeSex,2012,2012.5
2022,PopulationExposureBySingleAgeSex,2013,2013.5
2022,PopulationExposureBySingleAgeSex,2014,2014.5
2022,PopulationExposureBySingleAgeSex,2015,2015.5
2022,PopulationExposureBySingleAgeSex,2016,2016.5
2022,PopulationExposureBySingleAgeSex,2017,2017.5
2022,PopulationExposureBySingleAgeSex,2018,2018.5
2022,PopulationExposureBySingleAgeSex,2019,2019.5
2022,PopulationExposureBySingleAgeSex,2020,2020.5
2022,PopulationExposureBySingleAgeSex,2021,2021.5
2022,PopulationExposureBySingleAgeSex,2022,2022.5
2022,PopulationExposureBySingleAgeSex,2023,2023.5
2022,PopulationExposureBySingleAgeSex,2024,2024.5
2022,PopulationExposureBySingleAgeSex,2025,2025.5
2022,PopulationExposureBySingleAgeSex,2026,2026.5
2022,PopulationExposureBySingleAgeSex,2027,2027.5
2022,PopulationExposureBySingleAgeSex,2028,2028.5
2022,PopulationExposureBySingleAgeSex,2029,2029.5
2022,PopulationExposureBySingleAgeSex,2030,2030.5
2022,PopulationExposureBySingleAgeSex,2031,2031.5
2022,PopulationExposureBySingleAgeSex,2032,2032.5
2022,PopulationExposureBySingleAgeSex,2033,2033.5
2022,PopulationExposureBySingleAgeSex,2034,2034.5
2022,PopulationExposureBySingleAgeSex,2035,2035.5
2022,PopulationExposureBySingleAgeSex,2036,2036.5
2022,PopulationExposureBySingleAgeSex,2037,2037.5
2022,PopulationExposureBySingleAgeSex,2038,2038.5
2022,PopulationExposureBySingleAgeSex,2039,2039.5
2022,PopulationExposureBySingleAgeSex,2040,2040.5
2022,PopulationExposureBySingleAgeSex,2041,2041.5
2022,PopulationExposureBySingleAgeSex,2042,2042.5
2022,PopulationExposureBySingleAgeSex,2043,2043.5
2022,PopulationExposureBySingleAgeSex,2044,2044.5
2022,PopulationExposureBySingleAgeSex,2045,2045.5
2022,PopulationExposureBySingleAgeSex,2046,2046.5
2022,PopulationExposureBySingleAgeSex,2047,2047.5
2022,PopulationExposureBySingleAgeSex,2048,2048.5
2022,PopulationExposureBySingleAgeSex,2049,2049.5
2022,PopulationExposureBySingleAgeSex,2050,2050.5
2022,PopulationExposureBySingleAgeSex,2051,2051.5
2022,PopulationExposureBySingleAgeSex,2052,2052.5
2022,PopulationExposureBySingleAgeSex,2053,2053.5
2022,PopulationExposureBySingleAgeSex,2054,2054.5
2022,PopulationExposureBySingleAgeSex,2055,2055.5
2022,PopulationExposureBySingleAgeSex,2056,2056.5
2022,PopulationExposureBySingleAgeSex,2057,2057.5
2022,PopulationExposureBySingleAgeSex,2058,2058.5
2022,PopulationExposureBySingleAgeSex,2059,2059.5
2022,PopulationExposureBySingleAgeSex,2060,2060.5
2022,PopulationExposureBySingleAgeSex,2061,2061.5
2022,PopulationExposureBySingleAgeSex,2062,2062.5
2022,PopulationExposureBySingleAgeSex,2063,2063.5
2022,PopulationExposureBySingleAgeSex,2064,2064.5
2022,PopulationExposureBySingleAgeSex,2065,2065.5
2022,PopulationExposureBySingleAgeSex,2066,2066.5
2022,PopulationExposureBySingleAgeSex,2067,2067.5
2022,PopulationExposureBySingleAgeSex,2068,2068.5
2022,PopulationExposureBySingleAgeSex,2069,2069.5
2022,PopulationExposureBySingleAgeSex,2070,2070.5
2022,PopulationExposureBySingleAgeSex,2071,2071.5
2022,PopulationExposureBySingleAgeSex,2072,2072.5
2022,PopulationExposureBySingleAgeSex,2073,2073.5
2022,PopulationExposureBySingleAgeSex,2074,2074.5
2022,PopulationExposureBySingleAgeSex,2075,2075.5
2022,PopulationExposureBySingleAgeSex,2076,2076.5
2022,PopulationExposureBySingleAgeSex,2077,2077.5
2022,PopulationExposureBySingleAgeSex,2078,2078.5
2022,PopulationExposureBySingleAgeSex,2079,2079.5
2022,PopulationExposureBySingleAgeSex,2080,2080.5
2022,PopulationExposureBySingleAgeSex,2081,2081.5
2022,PopulationExposureBySingleAgeSex,2082,2082.5
2022,PopulationExposureBySingleAgeSex,2083,2083.5
2022,PopulationExposureBySingleAgeSex,2084,2084.5
2022,PopulationExposureBySingleAgeSex,2085,2085.5
2022,PopulationExposureBySingleAgeSex,2086,2086.5
2022,PopulationExposureBySingleAgeSex,2087,2087.5
2022,PopulationExposureBySingleAgeSex,2088,2088.5
2022,PopulationExposureBySingleAgeSex,2089,2089.5
2022,PopulationExposureBySingleAgeSex,2090,2090.5
2022,PopulationExposureBySingleAgeSex,2091,2091.5
2022,PopulationExposureBySingleAgeSex,2092,2092.5
2022,PopulationExposureBySingleAgeSex,2093,2093.5
2022,PopulationExposureBySingleAgeSex,2094,2094.5
2022,PopulationExposureBySingleAgeSex,2095,2095.5
2022,PopulationExposureBySingleAgeSex,2096,2096.5
2022,PopulationExposureBySingleAgeSex,2097,2097.5
2022,PopulationExposureBySingleAgeSex,2098,2098.5
2022,PopulationExposureBySingleAgeSex,2099,2099.5
2022,PopulationExposureBySingleAgeSex,2100,2100.5
2022,TotalPopulationBySex,2022,2022.5
2022,TotalPopulationBySex,2023,2023.5
2022,TotalPopulationBySex,2024,2024.5
2022,TotalPopulationBySex,2025,2025.5
2022,TotalPopulationBySex,2026,2026.5
2022,TotalPopulationBySex,2027,2027.5
2022,TotalPopulationBySex,2028,2028.5
2022,TotalPopulationBySex,2029,2029.5
2022,TotalPopulationBySex,2030,2030.5
2022,TotalPopulationBySex,2031,2031.5
2022,TotalPopulationBySex,2032,2032.5
2022,TotalPopulationBySex,2033,2033.5
2022,TotalPopulationBySex,2034,2034.5
2022,TotalPopulationBySex,2035,2035.5
2022,TotalPopulationBySex,2036,2036.5
2022,TotalPopulationBySex,2037,2037.5
2022,TotalPopulationBySex,2038,2038.5
2022,TotalPopulationBySex,2039,2039.5
2022,TotalPopulationBySex,2040,2040.5
2022,TotalPopulationBySex,2041,2041.5
2022,TotalPopulationBySex,2042,2042.5
2022,TotalPopulationBySex,2043,2043.5
2022,TotalPopulationBySex,2044,2044.5
2022,TotalPopulationBySex,2045,2045.5
2022,TotalPopulationBySex,2046,2046.5
2022,TotalPopulationBySex,2047,2047.5
2022,TotalPopulationBySex,2048,2048.5
2022,TotalPopulationBySex,2049,2049.5
2022,TotalPopulationBySex,2050,2050.5
2022,TotalPopulationBySex,2051,2051.5
2022,TotalPopulationBySex,2052,2052.5
2022,TotalPopulationBySex,2053,2053.5
2022,TotalPopulationBySex,2054,2054.5
2022,TotalPopulationBySex,2055,2055.5
2022,TotalPopulationBySex,2056,2056.5
2022,TotalPopulationBySex,2057,2057.5
2022,TotalPopulationBySex,2058,2058.5
2022,TotalPopulationBySex,2059,2059.5
2022,TotalPopulationBySex,2060,2060.5
2022,TotalPopulationBySex,2061,2061.5
2022,TotalPopulationBySex,2062,2062.5
2022,TotalPopulationBySex,2063,2063.5
2022,TotalPopulationBySex,2064,2064.5
2022,TotalPopulationBySex,2065,2065.5
2022,TotalPopulationBySex,2066,2066.5
2022,TotalPopulationBySex,2067,2067.5
2022,TotalPopulationBySex,2068,2068.5
2022,TotalPopulationBySex,2069,2069.5
2022,TotalPopulationBySex,2070,2070.5
2022,TotalPopulationBySex,2071,2071.5
2022,TotalPopulationBySex,2072,2072.5
2022,TotalPopulationBySex,2073,2073.5
2022,TotalPopulationBySex,2074,2074.5
2022,TotalPopulationBySex,2075,2075.5
2022,TotalPopulationBySex,2076,2076.5
2022,TotalPopulationBySex,2077,2077.5
2022,TotalPopulationBySex,2078,2078.5
2022,TotalPopulationBySex,2079,2079.5
2022,TotalPopulationBySex,2080,2080.5
2022,TotalPopulationBySex,2081,2081.5
2022,TotalPopulationBySex,2082,2082.5
2022,TotalPopulationBySex,2083,2083.5
2022,TotalPopulationBySex,2084,2084.5
2022,TotalPopulationBySex,2085,2085.5
2022,TotalPopulationBySex,2086,2086.5
2022,TotalPopulationBySex,2087,2087.5
2022,TotalPopulationBySex,2088,2088.5
2022,TotalPopulationBySex,2089,2089.5
2022,TotalPopulationBySex,2090,2090.5
2022,TotalPopulationBySex,2091,2091.5
2022,TotalPopulationBySex,2092,2092.5
2022,TotalPopulationBySex,2093,2093.5
2022,TotalPopulationBySex,2094,2094.5
2022,TotalPopulationBySex,2095,2095.5
2022,TotalPopulationBySex,2096,2096.5
2022,TotalPopulationBySex,2097,2097.5
2022,TotalPopulationBySex,2098,2098.5
2022,TotalPopulationBySex,2099,2099.5
2022,TotalPopulationBySex,2100,2100.5
2022,TotalPopulationBySex,1950,1950.5
2022,TotalPopulationBySex,1951,1951.5
2022,TotalPopulationBySex,1952,1952.5
2022,TotalPopulationBySex,1953,1953.5
2022,TotalPopulationBySex,1954,1954.5
2022,TotalPopulationBySex,1955,1955.5
2022,TotalPopulationBySex,1956,1956.5
2022,TotalPopulationBySex,1957,1957.5
2022,TotalPopulationBySex,1958,1958.5
2022,TotalPopulationBySex,1959,1959.5
2022,TotalPopulationBySex,1960,1960.5
2022,TotalPopulationBySex,1961,1961.5
2022,TotalPopulationBySex,1962,1962.5
2022,TotalPopulationBySex,1963,1963.5
2022,TotalPopulationBySex,1964,1964.5
2022,TotalPopulationBySex,1965,1965.5
2022,TotalPopulationBySex,1966,1966.5
2022,TotalPopulationBySex,1967,1967.5
2022,TotalPopulationBySex,1968,1968.5
2022,TotalPopulationBySex,1969,1969.5
2022,TotalPopulationBySex,1970,1970.5
2022,TotalPopulationBySex,1971,1971.5
2022,TotalPopulationBySex,1972,1972.5
2022,TotalPopulationBySex,1973,1973.5
2022,TotalPopulationBySex,1974,1974.5
2022,TotalPopulationBySex,1975,1975.5
2022,TotalPopulationBySex,1976,1976.5
2022,TotalPopulationBySex,1977,1977.5
2022,TotalPopulationBySex,1978,1978.5
2022,TotalPopulationBySex,1979,1979.5
2022,TotalPopulationBySex,1980,1980.5
2022,TotalPopulationBySex,1981,1981.5
2022,TotalPopulationBySex,1982,1982.5
2022,TotalPopulationBySex,1983,1983.5
2022,TotalPopulationBySex,1984,1984.5
2022,TotalPopulationBySex,1985,1985.5
2022,TotalPopulationBySex,1986,1986.5
2022,TotalPopulationBySex,1987,1987.5
2022,TotalPopulationBySex,1988,1988.5
2022,TotalPopulationBySex,1989,1989.5
2022,TotalPopulationBySex,1990,1990.5
2022,TotalPopulationBySex,1991,1991.5
2022,TotalPopulationBySex,1992,1992.5
2022,TotalPopulationBySex,1993,1993.5
2022,TotalPopulationBySex,1994,1994.5
2022,TotalPopulationBySex,1995,1995.5
2022,TotalPopulationBySex,1996,1996.5
2022,TotalPopulationBySex,1997,1997.5
2022,TotalPopulationBySex,1998,1998.5
2022,TotalPopulationBySex,1999,1999.5
2022,TotalPopulationBySex,2000,2000.5
2022,TotalPopulationBySex,2001,2001.5
2022,TotalPopulationBySex,2002,2002.5
2022,TotalPopulationBySex,2003,2003.5
2022,TotalPopulationBySex,2004,2004.5
2022,TotalPopulationBySex,2005,2005.5
2022,TotalPopulationBySex,2006,2006.5
2022,TotalPopulationBySex,2007,2007.5
2022,TotalPopulationBySex,2008,2008.5
2022,TotalPopulationBySex,2009,2009.5
2022,TotalPopulationBySex,2010,2010.5
2022,TotalPopulationBySex,2011,2011.5
2022,TotalPopulationBySex,2012,2012.5
2022,TotalPopulationBySex,2013,2013.5
2022,TotalPopulationBySex,2014,2014.5
2022,TotalPopulationBySex,2015,2015.5
2022,TotalPopulationBySex,2016,2016.5
2022,TotalPopulationBySex,2017,2017.5
2022,TotalPopulationBySex,2018,2018.5
2022,TotalPopulationBySex,2019,2019.5
2022,TotalPopulationBySex,2020,2020.5
2022,TotalPopulationBySex,2021,2021.5
