wpp,LocID,Location
1998,4,Afghanistan
1998,903,Africa
1998,8,Albania
1998,12,Algeria
1998,24,Angola
1998,32,Argentina
1998,51,Armenia
1998,935,Asia
1998,36,Australia
1998,927,Australia/New Zealand
1998,40,Austria
1998,31,Azerbaijan
1998,44,Bahamas
1998,48,Bahrain
1998,50,Bangladesh
1998,52,Barbados
1998,112,Belarus
1998,56,Belgium
1998,84,Belize
1998,204,Benin
1998,64,Bhutan
1998,68,Bolivia (Plurinational State of)
1998,70,Bosnia and Herzegovina
1998,72,Botswana
1998,76,Brazil
1998,96,Brunei Darussalam
1998,100,Bulgaria
1998,854,Burkina Faso
1998,108,Burundi
1998,132,Cabo Verde
1998,116,Cambodia
1998,120,Cameroon
1998,124,Canada
1998,915,Caribbean
1998,140,Central African Republic
1998,916,Central America
1998,148,Chad
1998,152,Chile
1998,156,China
1998,344,"China, Hong Kong SAR"
1998,446,"China, Macao SAR"
1998,170,Colombia
1998,174,Comoros
1998,178,Congo
1998,188,Costa Rica
1998,191,Croatia
1998,192,Cuba
1998,196,Cyprus
1998,203,Czech Republic
1998,384,Côte d'Ivoire
1998,408,Dem. People's Republic of Korea
1998,180,Democratic Republic of the Congo
1998,208,Denmark
1998,262,Djibouti
1998,214,Dominican Republic
1998,910,Eastern Africa
1998,906,Eastern Asia
1998,923,Eastern Europe
1998,218,Ecuador
1998,818,Egypt
1998,222,El Salvador
1998,226,Equatorial Guinea
1998,232,Eritrea
1998,233,Estonia
1998,231,Ethiopia
1998,908,Europe
1998,242,Fiji
1998,246,Finland
1998,250,France
1998,258,French Polynesia
1998,266,Gabon
1998,270,Gambia
1998,268,Georgia
1998,276,Germany
1998,288,Ghana
1998,300,Greece
1998,312,Guadeloupe
1998,316,Guam
1998,320,Guatemala
1998,324,Guinea
1998,624,Guinea-Bissau
1998,328,Guyana
1998,332,Haiti
1998,340,Honduras
1998,348,Hungary
1998,352,Iceland
1998,356,India
1998,360,Indonesia
1998,364,Iran (Islamic Republic of)
1998,368,Iraq
1998,372,Ireland
1998,376,Israel
1998,380,Italy
1998,388,Jamaica
1998,392,Japan
1998,400,Jordan
1998,398,Kazakhstan
1998,404,Kenya
1998,414,Kuwait
1998,417,Kyrgyzstan
1998,418,Lao People's Democratic Republic
1998,904,Latin America and the Caribbean
1998,428,Latvia
1998,941,Least developed countries
1998,422,Lebanon
1998,426,Lesotho
1998,902,Less developed regions
1998,430,Liberia
1998,434,Libya
1998,440,Lithuania
1998,442,Luxembourg
1998,450,Madagascar
1998,454,Malawi
1998,458,Malaysia
1998,462,Maldives
1998,466,Mali
1998,470,Malta
1998,474,Martinique
1998,478,Mauritania
1998,480,Mauritius
1998,928,Melanesia
1998,484,Mexico
1998,954,Micronesia
1998,911,Middle Africa
1998,496,Mongolia
1998,901,More developed regions
1998,504,Morocco
1998,508,Mozambique
1998,104,Myanmar
1998,516,Namibia
1998,524,Nepal
1998,528,Netherlands
1998,530,Netherlands Antilles
1998,540,New Caledonia
1998,554,New Zealand
1998,558,Nicaragua
1998,562,Niger
1998,566,Nigeria
1998,912,Northern Africa
1998,905,Northern America
1998,924,Northern Europe
1998,578,Norway
1998,909,Oceania
1998,512,Oman
1998,586,Pakistan
1998,591,Panama
1998,598,Papua New Guinea
1998,600,Paraguay
1998,604,Peru
1998,608,Philippines
1998,616,Poland
1998,957,Polynesia
1998,620,Portugal
1998,630,Puerto Rico
1998,634,Qatar
1998,410,Republic of Korea
1998,498,Republic of Moldova
1998,642,Romania
1998,643,Russian Federation
1998,646,Rwanda
1998,638,Réunion
1998,882,Samoa
1998,682,Saudi Arabia
1998,686,Senegal
1998,891,Serbia and Montenegro
1998,694,Sierra Leone
1998,702,Singapore
1998,703,Slovakia
1998,705,Slovenia
1998,90,Solomon Islands
1998,706,Somalia
1998,710,South Africa
1998,931,South America
1998,921,South-Central Asia
1998,920,South-Eastern Asia
1998,913,Southern Africa
1998,925,Southern Europe
1998,724,Spain
1998,144,Sri Lanka
1998,736,Sudan (Former)
1998,740,Suriname
1998,748,Swaziland
1998,752,Sweden
1998,756,Switzerland
1998,760,Syrian Arab Republic
1998,807,TFYR Macedonia
1998,762,Tajikistan
1998,764,Thailand
1998,626,Timor-Leste
1998,768,Togo
1998,780,Trinidad and Tobago
1998,788,Tunisia
1998,792,Turkey
1998,795,Turkmenistan
1998,800,Uganda
1998,804,Ukraine
1998,784,United Arab Emirates
1998,826,United Kingdom
1998,834,United Republic of Tanzania
1998,840,United States of America
1998,858,Uruguay
1998,860,Uzbekistan
1998,548,Vanuatu
1998,862,Venezuela (Bolivarian Republic of)
1998,704,Viet Nam
1998,914,Western Africa
1998,922,Western Asia
1998,926,Western Europe
1998,732,Western Sahara
1998,900,World
1998,887,Yemen
1998,894,Zambia
1998,716,Zimbabwe
1998,16,American Samoa
1998,20,Andorra
1998,660,Anguilla
1998,28,Antigua and Barbuda
1998,533,Aruba
1998,60,Bermuda
1998,92,British Virgin Islands
1998,136,Cayman Islands
1998,830,Channel Islands
1998,184,Cook Islands
1998,212,Dominica
1998,234,Faeroe Islands
1998,238,Falkland Islands (Malvinas)
1998,254,French Guiana
1998,292,Gibraltar
1998,304,Greenland
1998,308,Grenada
1998,336,Holy See
1998,833,Isle of Man
1998,296,Kiribati
1998,438,Liechtenstein
1998,584,Marshall Islands
1998,583,Micronesia (Fed. States of)
1998,492,Monaco
1998,500,Montserrat
1998,520,Nauru
1998,570,Niue
1998,580,Northern Mariana Islands
1998,585,Palau
1998,612,Pitcairn
1998,654,Saint Helena
1998,659,Saint Kitts and Nevis
1998,662,Saint Lucia
1998,666,Saint Pierre and Miquelon
1998,670,Saint Vincent and the Grenadines
1998,674,San Marino
1998,678,Sao Tome and Principe
1998,690,Seychelles
1998,275,State of Palestine
1998,772,Tokelau
1998,776,Tonga
1998,796,Turks and Caicos Islands
1998,798,Tuvalu
1998,850,United States Virgin Islands
1998,876,Wallis and Futuna Islands
2000,4,Afghanistan
2000,903,Africa
2000,8,Albania
2000,12,Algeria
2000,24,Angola
2000,32,Argentina
2000,51,Armenia
2000,935,Asia
2000,36,Australia
2000,927,Australia/New Zealand
2000,40,Austria
2000,31,Azerbaijan
2000,44,Bahamas
2000,48,Bahrain
2000,50,Bangladesh
2000,52,Barbados
2000,112,Belarus
2000,56,Belgium
2000,84,Belize
2000,204,Benin
2000,64,Bhutan
2000,68,Bolivia (Plurinational State of)
2000,70,Bosnia and Herzegovina
2000,72,Botswana
2000,76,Brazil
2000,96,Brunei Darussalam
2000,100,Bulgaria
2000,854,Burkina Faso
2000,108,Burundi
2000,132,Cabo Verde
2000,116,Cambodia
2000,120,Cameroon
2000,124,Canada
2000,915,Caribbean
2000,140,Central African Republic
2000,916,Central America
2000,148,Chad
2000,830,Channel Islands
2000,152,Chile
2000,156,China
2000,344,"China, Hong Kong SAR"
2000,446,"China, Macao SAR"
2000,170,Colombia
2000,174,Comoros
2000,178,Congo
2000,188,Costa Rica
2000,191,Croatia
2000,192,Cuba
2000,196,Cyprus
2000,203,Czech Republic
2000,384,Côte d'Ivoire
2000,408,Dem. People's Republic of Korea
2000,180,Democratic Republic of the Congo
2000,208,Denmark
2000,262,Djibouti
2000,214,Dominican Republic
2000,910,Eastern Africa
2000,906,Eastern Asia
2000,923,Eastern Europe
2000,218,Ecuador
2000,818,Egypt
2000,222,El Salvador
2000,226,Equatorial Guinea
2000,232,Eritrea
2000,233,Estonia
2000,231,Ethiopia
2000,908,Europe
2000,242,Fiji
2000,246,Finland
2000,250,France
2000,254,French Guiana
2000,258,French Polynesia
2000,266,Gabon
2000,270,Gambia
2000,268,Georgia
2000,276,Germany
2000,288,Ghana
2000,300,Greece
2000,312,Guadeloupe
2000,316,Guam
2000,320,Guatemala
2000,324,Guinea
2000,624,Guinea-Bissau
2000,328,Guyana
2000,332,Haiti
2000,340,Honduras
2000,348,Hungary
2000,352,Iceland
2000,356,India
2000,360,Indonesia
2000,364,Iran (Islamic Republic of)
2000,368,Iraq
2000,372,Ireland
2000,376,Israel
2000,380,Italy
2000,388,Jamaica
2000,392,Japan
2000,400,Jordan
2000,398,Kazakhstan
2000,404,Kenya
2000,414,Kuwait
2000,417,Kyrgyzstan
2000,418,Lao People's Democratic Republic
2000,904,Latin America and the Caribbean
2000,428,Latvia
2000,941,Least developed countries
2000,422,Lebanon
2000,426,Lesotho
2000,902,Less developed regions
2000,430,Liberia
2000,434,Libya
2000,440,Lithuania
2000,442,Luxembourg
2000,450,Madagascar
2000,454,Malawi
2000,458,Malaysia
2000,462,Maldives
2000,466,Mali
2000,470,Malta
2000,474,Martinique
2000,478,Mauritania
2000,480,Mauritius
2000,928,Melanesia
2000,484,Mexico
2000,954,Micronesia
2000,911,Middle Africa
2000,496,Mongolia
2000,901,More developed regions
2000,504,Morocco
2000,508,Mozambique
2000,104,Myanmar
2000,516,Namibia
2000,524,Nepal
2000,528,Netherlands
2000,530,Netherlands Antilles
2000,540,New Caledonia
2000,554,New Zealand
2000,558,Nicaragua
2000,562,Niger
2000,566,Nigeria
2000,912,Northern Africa
2000,905,Northern America
2000,924,Northern Europe
2000,578,Norway
2000,909,Oceania
2000,512,Oman
2000,586,Pakistan
2000,591,Panama
2000,598,Papua New Guinea
2000,600,Paraguay
2000,604,Peru
2000,608,Philippines
2000,616,Poland
2000,957,Polynesia
2000,620,Portugal
2000,630,Puerto Rico
2000,634,Qatar
2000,410,Republic of Korea
2000,498,Republic of Moldova
2000,642,Romania
2000,643,Russian Federation
2000,646,Rwanda
2000,638,Réunion
2000,662,Saint Lucia
2000,882,Samoa
2000,682,Saudi Arabia
2000,686,Senegal
2000,891,Serbia and Montenegro
2000,694,Sierra Leone
2000,702,Singapore
2000,703,Slovakia
2000,705,Slovenia
2000,90,Solomon Islands
2000,706,Somalia
2000,710,South Africa
2000,931,South America
2000,921,South-Central Asia
2000,920,South-Eastern Asia
2000,913,Southern Africa
2000,925,Southern Europe
2000,724,Spain
2000,144,Sri Lanka
2000,275,State of Palestine
2000,736,Sudan (Former)
2000,740,Suriname
2000,748,Swaziland
2000,752,Sweden
2000,756,Switzerland
2000,760,Syrian Arab Republic
2000,807,TFYR Macedonia
2000,762,Tajikistan
2000,764,Thailand
2000,626,Timor-Leste
2000,768,Togo
2000,780,Trinidad and Tobago
2000,788,Tunisia
2000,792,Turkey
2000,795,Turkmenistan
2000,800,Uganda
2000,804,Ukraine
2000,784,United Arab Emirates
2000,826,United Kingdom
2000,834,United Republic of Tanzania
2000,840,United States of America
2000,858,Uruguay
2000,860,Uzbekistan
2000,548,Vanuatu
2000,862,Venezuela (Bolivarian Republic of)
2000,704,Viet Nam
2000,914,Western Africa
2000,922,Western Asia
2000,926,Western Europe
2000,732,Western Sahara
2000,900,World
2000,887,Yemen
2000,894,Zambia
2000,716,Zimbabwe
2000,16,American Samoa
2000,20,Andorra
2000,660,Anguilla
2000,28,Antigua and Barbuda
2000,533,Aruba
2000,60,Bermuda
2000,92,British Virgin Islands
2000,136,Cayman Islands
2000,184,Cook Islands
2000,212,Dominica
2000,234,Faeroe Islands
2000,238,Falkland Islands (Malvinas)
2000,292,Gibraltar
2000,304,Greenland
2000,308,Grenada
2000,336,Holy See
2000,833,Isle of Man
2000,296,Kiribati
2000,438,Liechtenstein
2000,584,Marshall Islands
2000,583,Micronesia (Fed. States of)
2000,492,Monaco
2000,500,Montserrat
2000,520,Nauru
2000,570,Niue
2000,580,Northern Mariana Islands
2000,585,Palau
2000,612,Pitcairn
2000,654,Saint Helena
2000,659,Saint Kitts and Nevis
2000,666,Saint Pierre and Miquelon
2000,670,Saint Vincent and the Grenadines
2000,674,San Marino
2000,678,Sao Tome and Principe
2000,690,Seychelles
2000,772,Tokelau
2000,776,Tonga
2000,796,Turks and Caicos Islands
2000,798,Tuvalu
2000,850,United States Virgin Islands
2000,876,Wallis and Futuna Islands
2002,4,Afghanistan
2002,903,Africa
2002,8,Albania
2002,12,Algeria
2002,24,Angola
2002,32,Argentina
2002,51,Armenia
2002,935,Asia
2002,36,Australia
2002,927,Australia/New Zealand
2002,40,Austria
2002,31,Azerbaijan
2002,44,Bahamas
2002,48,Bahrain
2002,50,Bangladesh
2002,52,Barbados
2002,112,Belarus
2002,56,Belgium
2002,84,Belize
2002,204,Benin
2002,64,Bhutan
2002,68,Bolivia (Plurinational State of)
2002,70,Bosnia and Herzegovina
2002,72,Botswana
2002,76,Brazil
2002,96,Brunei Darussalam
2002,100,Bulgaria
2002,854,Burkina Faso
2002,108,Burundi
2002,132,Cabo Verde
2002,116,Cambodia
2002,120,Cameroon
2002,124,Canada
2002,915,Caribbean
2002,140,Central African Republic
2002,916,Central America
2002,148,Chad
2002,830,Channel Islands
2002,152,Chile
2002,156,China
2002,344,"China, Hong Kong SAR"
2002,446,"China, Macao SAR"
2002,170,Colombia
2002,174,Comoros
2002,178,Congo
2002,188,Costa Rica
2002,191,Croatia
2002,192,Cuba
2002,196,Cyprus
2002,203,Czech Republic
2002,384,Côte d'Ivoire
2002,408,Dem. People's Republic of Korea
2002,180,Democratic Republic of the Congo
2002,208,Denmark
2002,262,Djibouti
2002,214,Dominican Republic
2002,910,Eastern Africa
2002,906,Eastern Asia
2002,923,Eastern Europe
2002,218,Ecuador
2002,818,Egypt
2002,222,El Salvador
2002,226,Equatorial Guinea
2002,232,Eritrea
2002,233,Estonia
2002,231,Ethiopia
2002,908,Europe
2002,242,Fiji
2002,246,Finland
2002,250,France
2002,254,French Guiana
2002,258,French Polynesia
2002,266,Gabon
2002,270,Gambia
2002,268,Georgia
2002,276,Germany
2002,288,Ghana
2002,300,Greece
2002,312,Guadeloupe
2002,316,Guam
2002,320,Guatemala
2002,324,Guinea
2002,624,Guinea-Bissau
2002,328,Guyana
2002,332,Haiti
2002,340,Honduras
2002,348,Hungary
2002,352,Iceland
2002,356,India
2002,360,Indonesia
2002,364,Iran (Islamic Republic of)
2002,368,Iraq
2002,372,Ireland
2002,376,Israel
2002,380,Italy
2002,388,Jamaica
2002,392,Japan
2002,400,Jordan
2002,398,Kazakhstan
2002,404,Kenya
2002,414,Kuwait
2002,417,Kyrgyzstan
2002,418,Lao People's Democratic Republic
2002,904,Latin America and the Caribbean
2002,428,Latvia
2002,941,Least developed countries
2002,422,Lebanon
2002,426,Lesotho
2002,902,Less developed regions
2002,430,Liberia
2002,434,Libya
2002,440,Lithuania
2002,442,Luxembourg
2002,450,Madagascar
2002,454,Malawi
2002,458,Malaysia
2002,462,Maldives
2002,466,Mali
2002,470,Malta
2002,474,Martinique
2002,478,Mauritania
2002,480,Mauritius
2002,928,Melanesia
2002,484,Mexico
2002,954,Micronesia
2002,583,Micronesia (Fed. States of)
2002,911,Middle Africa
2002,496,Mongolia
2002,901,More developed regions
2002,504,Morocco
2002,508,Mozambique
2002,104,Myanmar
2002,516,Namibia
2002,524,Nepal
2002,528,Netherlands
2002,530,Netherlands Antilles
2002,540,New Caledonia
2002,554,New Zealand
2002,558,Nicaragua
2002,562,Niger
2002,566,Nigeria
2002,912,Northern Africa
2002,905,Northern America
2002,924,Northern Europe
2002,578,Norway
2002,909,Oceania
2002,512,Oman
2002,586,Pakistan
2002,591,Panama
2002,598,Papua New Guinea
2002,600,Paraguay
2002,604,Peru
2002,608,Philippines
2002,616,Poland
2002,957,Polynesia
2002,620,Portugal
2002,630,Puerto Rico
2002,634,Qatar
2002,410,Republic of Korea
2002,498,Republic of Moldova
2002,642,Romania
2002,643,Russian Federation
2002,646,Rwanda
2002,638,Réunion
2002,662,Saint Lucia
2002,670,Saint Vincent and the Grenadines
2002,882,Samoa
2002,678,Sao Tome and Principe
2002,682,Saudi Arabia
2002,686,Senegal
2002,891,Serbia and Montenegro
2002,694,Sierra Leone
2002,702,Singapore
2002,703,Slovakia
2002,705,Slovenia
2002,90,Solomon Islands
2002,706,Somalia
2002,710,South Africa
2002,931,South America
2002,921,South-Central Asia
2002,920,South-Eastern Asia
2002,913,Southern Africa
2002,925,Southern Europe
2002,724,Spain
2002,144,Sri Lanka
2002,275,State of Palestine
2002,736,Sudan (Former)
2002,740,Suriname
2002,748,Swaziland
2002,752,Sweden
2002,756,Switzerland
2002,760,Syrian Arab Republic
2002,807,TFYR Macedonia
2002,762,Tajikistan
2002,764,Thailand
2002,626,Timor-Leste
2002,768,Togo
2002,776,Tonga
2002,780,Trinidad and Tobago
2002,788,Tunisia
2002,792,Turkey
2002,795,Turkmenistan
2002,800,Uganda
2002,804,Ukraine
2002,784,United Arab Emirates
2002,826,United Kingdom
2002,834,United Republic of Tanzania
2002,850,United States Virgin Islands
2002,840,United States of America
2002,858,Uruguay
2002,860,Uzbekistan
2002,548,Vanuatu
2002,862,Venezuela (Bolivarian Republic of)
2002,704,Viet Nam
2002,914,Western Africa
2002,922,Western Asia
2002,926,Western Europe
2002,732,Western Sahara
2002,900,World
2002,887,Yemen
2002,894,Zambia
2002,716,Zimbabwe
2002,16,American Samoa
2002,20,Andorra
2002,660,Anguilla
2002,28,Antigua and Barbuda
2002,533,Aruba
2002,60,Bermuda
2002,92,British Virgin Islands
2002,136,Cayman Islands
2002,184,Cook Islands
2002,212,Dominica
2002,234,Faeroe Islands
2002,238,Falkland Islands (Malvinas)
2002,292,Gibraltar
2002,304,Greenland
2002,308,Grenada
2002,336,Holy See
2002,833,Isle of Man
2002,296,Kiribati
2002,438,Liechtenstein
2002,584,Marshall Islands
2002,492,Monaco
2002,500,Montserrat
2002,520,Nauru
2002,570,Niue
2002,580,Northern Mariana Islands
2002,585,Palau
2002,612,Pitcairn
2002,654,Saint Helena
2002,659,Saint Kitts and Nevis
2002,666,Saint Pierre and Miquelon
2002,674,San Marino
2002,690,Seychelles
2002,772,Tokelau
2002,796,Turks and Caicos Islands
2002,798,Tuvalu
2002,876,Wallis and Futuna Islands
2004,4,Afghanistan
2004,903,Africa
2004,8,Albania
2004,12,Algeria
2004,24,Angola
2004,32,Argentina
2004,51,Armenia
2004,935,Asia
2004,36,Australia
2004,927,Australia/New Zealand
2004,40,Austria
2004,31,Azerbaijan
2004,44,Bahamas
2004,48,Bahrain
2004,50,Bangladesh
2004,52,Barbados
2004,112,Belarus
2004,56,Belgium
2004,84,Belize
2004,204,Benin
2004,64,Bhutan
2004,68,Bolivia (Plurinational State of)
2004,70,Bosnia and Herzegovina
2004,72,Botswana
2004,76,Brazil
2004,96,Brunei Darussalam
2004,100,Bulgaria
2004,854,Burkina Faso
2004,108,Burundi
2004,132,Cabo Verde
2004,116,Cambodia
2004,120,Cameroon
2004,124,Canada
2004,915,Caribbean
2004,140,Central African Republic
2004,916,Central America
2004,148,Chad
2004,830,Channel Islands
2004,152,Chile
2004,156,China
2004,344,"China, Hong Kong SAR"
2004,446,"China, Macao SAR"
2004,170,Colombia
2004,174,Comoros
2004,178,Congo
2004,188,Costa Rica
2004,191,Croatia
2004,192,Cuba
2004,196,Cyprus
2004,203,Czech Republic
2004,384,Côte d'Ivoire
2004,408,Dem. People's Republic of Korea
2004,180,Democratic Republic of the Congo
2004,208,Denmark
2004,262,Djibouti
2004,214,Dominican Republic
2004,910,Eastern Africa
2004,906,Eastern Asia
2004,923,Eastern Europe
2004,218,Ecuador
2004,818,Egypt
2004,222,El Salvador
2004,226,Equatorial Guinea
2004,232,Eritrea
2004,233,Estonia
2004,231,Ethiopia
2004,908,Europe
2004,242,Fiji
2004,246,Finland
2004,250,France
2004,254,French Guiana
2004,258,French Polynesia
2004,266,Gabon
2004,270,Gambia
2004,268,Georgia
2004,276,Germany
2004,288,Ghana
2004,300,Greece
2004,312,Guadeloupe
2004,316,Guam
2004,320,Guatemala
2004,324,Guinea
2004,624,Guinea-Bissau
2004,328,Guyana
2004,332,Haiti
2004,340,Honduras
2004,348,Hungary
2004,352,Iceland
2004,356,India
2004,360,Indonesia
2004,364,Iran (Islamic Republic of)
2004,368,Iraq
2004,372,Ireland
2004,376,Israel
2004,380,Italy
2004,388,Jamaica
2004,392,Japan
2004,400,Jordan
2004,398,Kazakhstan
2004,404,Kenya
2004,414,Kuwait
2004,417,Kyrgyzstan
2004,418,Lao People's Democratic Republic
2004,904,Latin America and the Caribbean
2004,428,Latvia
2004,941,Least developed countries
2004,422,Lebanon
2004,426,Lesotho
2004,902,Less developed regions
2004,948,"Less developed regions, excluding China"
2004,934,"Less developed regions, excluding least developed countries"
2004,430,Liberia
2004,434,Libya
2004,440,Lithuania
2004,442,Luxembourg
2004,450,Madagascar
2004,454,Malawi
2004,458,Malaysia
2004,462,Maldives
2004,466,Mali
2004,470,Malta
2004,474,Martinique
2004,478,Mauritania
2004,480,Mauritius
2004,928,Melanesia
2004,484,Mexico
2004,954,Micronesia
2004,583,Micronesia (Fed. States of)
2004,911,Middle Africa
2004,496,Mongolia
2004,901,More developed regions
2004,504,Morocco
2004,508,Mozambique
2004,104,Myanmar
2004,516,Namibia
2004,524,Nepal
2004,528,Netherlands
2004,530,Netherlands Antilles
2004,540,New Caledonia
2004,554,New Zealand
2004,558,Nicaragua
2004,562,Niger
2004,566,Nigeria
2004,912,Northern Africa
2004,905,Northern America
2004,924,Northern Europe
2004,578,Norway
2004,909,Oceania
2004,512,Oman
2004,586,Pakistan
2004,591,Panama
2004,598,Papua New Guinea
2004,600,Paraguay
2004,604,Peru
2004,608,Philippines
2004,616,Poland
2004,957,Polynesia
2004,620,Portugal
2004,630,Puerto Rico
2004,634,Qatar
2004,410,Republic of Korea
2004,498,Republic of Moldova
2004,642,Romania
2004,643,Russian Federation
2004,646,Rwanda
2004,638,Réunion
2004,662,Saint Lucia
2004,670,Saint Vincent and the Grenadines
2004,882,Samoa
2004,678,Sao Tome and Principe
2004,682,Saudi Arabia
2004,686,Senegal
2004,891,Serbia and Montenegro
2004,694,Sierra Leone
2004,702,Singapore
2004,703,Slovakia
2004,705,Slovenia
2004,90,Solomon Islands
2004,706,Somalia
2004,710,South Africa
2004,931,South America
2004,921,South-Central Asia
2004,920,South-Eastern Asia
2004,913,Southern Africa
2004,925,Southern Europe
2004,724,Spain
2004,144,Sri Lanka
2004,275,State of Palestine
2004,947,Sub-Saharan Africa
2004,736,Sudan (Former)
2004,740,Suriname
2004,748,Swaziland
2004,752,Sweden
2004,756,Switzerland
2004,760,Syrian Arab Republic
2004,807,TFYR Macedonia
2004,762,Tajikistan
2004,764,Thailand
2004,626,Timor-Leste
2004,768,Togo
2004,776,Tonga
2004,780,Trinidad and Tobago
2004,788,Tunisia
2004,792,Turkey
2004,795,Turkmenistan
2004,800,Uganda
2004,804,Ukraine
2004,784,United Arab Emirates
2004,826,United Kingdom
2004,834,United Republic of Tanzania
2004,850,United States Virgin Islands
2004,840,United States of America
2004,858,Uruguay
2004,860,Uzbekistan
2004,548,Vanuatu
2004,862,Venezuela (Bolivarian Republic of)
2004,704,Viet Nam
2004,914,Western Africa
2004,922,Western Asia
2004,926,Western Europe
2004,732,Western Sahara
2004,900,World
2004,887,Yemen
2004,894,Zambia
2004,716,Zimbabwe
2004,16,American Samoa
2004,20,Andorra
2004,660,Anguilla
2004,28,Antigua and Barbuda
2004,533,Aruba
2004,60,Bermuda
2004,92,British Virgin Islands
2004,136,Cayman Islands
2004,184,Cook Islands
2004,212,Dominica
2004,234,Faeroe Islands
2004,238,Falkland Islands (Malvinas)
2004,292,Gibraltar
2004,304,Greenland
2004,308,Grenada
2004,336,Holy See
2004,833,Isle of Man
2004,296,Kiribati
2004,438,Liechtenstein
2004,584,Marshall Islands
2004,492,Monaco
2004,500,Montserrat
2004,520,Nauru
2004,570,Niue
2004,580,Northern Mariana Islands
2004,585,Palau
2004,612,Pitcairn
2004,654,Saint Helena
2004,659,Saint Kitts and Nevis
2004,666,Saint Pierre and Miquelon
2004,674,San Marino
2004,690,Seychelles
2004,772,Tokelau
2004,796,Turks and Caicos Islands
2004,798,Tuvalu
2004,876,Wallis and Futuna Islands
2006,4,Afghanistan
2006,903,Africa
2006,8,Albania
2006,12,Algeria
2006,24,Angola
2006,32,Argentina
2006,51,Armenia
2006,533,Aruba
2006,935,Asia
2006,36,Australia
2006,927,Australia/New Zealand
2006,40,Austria
2006,31,Azerbaijan
2006,44,Bahamas
2006,48,Bahrain
2006,50,Bangladesh
2006,52,Barbados
2006,112,Belarus
2006,56,Belgium
2006,84,Belize
2006,204,Benin
2006,64,Bhutan
2006,68,Bolivia (Plurinational State of)
2006,70,Bosnia and Herzegovina
2006,72,Botswana
2006,76,Brazil
2006,96,Brunei Darussalam
2006,100,Bulgaria
2006,854,Burkina Faso
2006,108,Burundi
2006,132,Cabo Verde
2006,116,Cambodia
2006,120,Cameroon
2006,124,Canada
2006,915,Caribbean
2006,140,Central African Republic
2006,916,Central America
2006,148,Chad
2006,830,Channel Islands
2006,152,Chile
2006,156,China
2006,344,"China, Hong Kong SAR"
2006,446,"China, Macao SAR"
2006,170,Colombia
2006,174,Comoros
2006,178,Congo
2006,188,Costa Rica
2006,191,Croatia
2006,192,Cuba
2006,196,Cyprus
2006,203,Czech Republic
2006,384,Côte d'Ivoire
2006,408,Dem. People's Republic of Korea
2006,180,Democratic Republic of the Congo
2006,208,Denmark
2006,262,Djibouti
2006,214,Dominican Republic
2006,910,Eastern Africa
2006,906,Eastern Asia
2006,923,Eastern Europe
2006,218,Ecuador
2006,818,Egypt
2006,222,El Salvador
2006,226,Equatorial Guinea
2006,232,Eritrea
2006,233,Estonia
2006,231,Ethiopia
2006,908,Europe
2006,242,Fiji
2006,246,Finland
2006,250,France
2006,254,French Guiana
2006,258,French Polynesia
2006,266,Gabon
2006,270,Gambia
2006,268,Georgia
2006,276,Germany
2006,288,Ghana
2006,300,Greece
2006,308,Grenada
2006,312,Guadeloupe
2006,316,Guam
2006,320,Guatemala
2006,324,Guinea
2006,624,Guinea-Bissau
2006,328,Guyana
2006,332,Haiti
2006,340,Honduras
2006,348,Hungary
2006,352,Iceland
2006,356,India
2006,360,Indonesia
2006,364,Iran (Islamic Republic of)
2006,368,Iraq
2006,372,Ireland
2006,376,Israel
2006,380,Italy
2006,388,Jamaica
2006,392,Japan
2006,400,Jordan
2006,398,Kazakhstan
2006,404,Kenya
2006,414,Kuwait
2006,417,Kyrgyzstan
2006,418,Lao People's Democratic Republic
2006,904,Latin America and the Caribbean
2006,428,Latvia
2006,941,Least developed countries
2006,422,Lebanon
2006,426,Lesotho
2006,902,Less developed regions
2006,948,"Less developed regions, excluding China"
2006,934,"Less developed regions, excluding least developed countries"
2006,430,Liberia
2006,434,Libya
2006,440,Lithuania
2006,442,Luxembourg
2006,450,Madagascar
2006,454,Malawi
2006,458,Malaysia
2006,462,Maldives
2006,466,Mali
2006,470,Malta
2006,474,Martinique
2006,478,Mauritania
2006,480,Mauritius
2006,928,Melanesia
2006,484,Mexico
2006,954,Micronesia
2006,583,Micronesia (Fed. States of)
2006,911,Middle Africa
2006,496,Mongolia
2006,499,Montenegro
2006,901,More developed regions
2006,504,Morocco
2006,508,Mozambique
2006,104,Myanmar
2006,516,Namibia
2006,524,Nepal
2006,528,Netherlands
2006,530,Netherlands Antilles
2006,540,New Caledonia
2006,554,New Zealand
2006,558,Nicaragua
2006,562,Niger
2006,566,Nigeria
2006,912,Northern Africa
2006,905,Northern America
2006,924,Northern Europe
2006,578,Norway
2006,909,Oceania
2006,512,Oman
2006,586,Pakistan
2006,591,Panama
2006,598,Papua New Guinea
2006,600,Paraguay
2006,604,Peru
2006,608,Philippines
2006,616,Poland
2006,957,Polynesia
2006,620,Portugal
2006,630,Puerto Rico
2006,634,Qatar
2006,410,Republic of Korea
2006,498,Republic of Moldova
2006,642,Romania
2006,643,Russian Federation
2006,646,Rwanda
2006,638,Réunion
2006,662,Saint Lucia
2006,670,Saint Vincent and the Grenadines
2006,882,Samoa
2006,678,Sao Tome and Principe
2006,682,Saudi Arabia
2006,686,Senegal
2006,688,Serbia
2006,694,Sierra Leone
2006,702,Singapore
2006,703,Slovakia
2006,705,Slovenia
2006,90,Solomon Islands
2006,706,Somalia
2006,710,South Africa
2006,931,South America
2006,921,South-Central Asia
2006,920,South-Eastern Asia
2006,913,Southern Africa
2006,925,Southern Europe
2006,724,Spain
2006,144,Sri Lanka
2006,275,State of Palestine
2006,947,Sub-Saharan Africa
2006,736,Sudan (Former)
2006,740,Suriname
2006,748,Swaziland
2006,752,Sweden
2006,756,Switzerland
2006,760,Syrian Arab Republic
2006,807,TFYR Macedonia
2006,762,Tajikistan
2006,764,Thailand
2006,626,Timor-Leste
2006,768,Togo
2006,776,Tonga
2006,780,Trinidad and Tobago
2006,788,Tunisia
2006,792,Turkey
2006,795,Turkmenistan
2006,800,Uganda
2006,804,Ukraine
2006,784,United Arab Emirates
2006,826,United Kingdom
2006,834,United Republic of Tanzania
2006,850,United States Virgin Islands
2006,840,United States of America
2006,858,Uruguay
2006,860,Uzbekistan
2006,548,Vanuatu
2006,862,Venezuela (Bolivarian Republic of)
2006,704,Viet Nam
2006,914,Western Africa
2006,922,Western Asia
2006,926,Western Europe
2006,732,Western Sahara
2006,900,World
2006,887,Yemen
2006,894,Zambia
2006,716,Zimbabwe
2006,16,American Samoa
2006,20,Andorra
2006,660,Anguilla
2006,28,Antigua and Barbuda
2006,60,Bermuda
2006,92,British Virgin Islands
2006,136,Cayman Islands
2006,184,Cook Islands
2006,212,Dominica
2006,234,Faeroe Islands
2006,238,Falkland Islands (Malvinas)
2006,292,Gibraltar
2006,304,Greenland
2006,336,Holy See
2006,833,Isle of Man
2006,296,Kiribati
2006,438,Liechtenstein
2006,584,Marshall Islands
2006,492,Monaco
2006,500,Montserrat
2006,520,Nauru
2006,570,Niue
2006,580,Northern Mariana Islands
2006,585,Palau
2006,612,Pitcairn
2006,654,Saint Helena
2006,659,Saint Kitts and Nevis
2006,666,Saint Pierre and Miquelon
2006,674,San Marino
2006,690,Seychelles
2006,772,Tokelau
2006,796,Turks and Caicos Islands
2006,798,Tuvalu
2006,876,Wallis and Futuna Islands
2008,4,Afghanistan
2008,903,Africa
2008,8,Albania
2008,12,Algeria
2008,24,Angola
2008,32,Argentina
2008,51,Armenia
2008,533,Aruba
2008,935,Asia
2008,36,Australia
2008,927,Australia/New Zealand
2008,40,Austria
2008,31,Azerbaijan
2008,44,Bahamas
2008,48,Bahrain
2008,50,Bangladesh
2008,52,Barbados
2008,112,Belarus
2008,56,Belgium
2008,84,Belize
2008,204,Benin
2008,64,Bhutan
2008,68,Bolivia (Plurinational State of)
2008,70,Bosnia and Herzegovina
2008,72,Botswana
2008,76,Brazil
2008,96,Brunei Darussalam
2008,100,Bulgaria
2008,854,Burkina Faso
2008,108,Burundi
2008,132,Cabo Verde
2008,116,Cambodia
2008,120,Cameroon
2008,124,Canada
2008,915,Caribbean
2008,140,Central African Republic
2008,916,Central America
2008,148,Chad
2008,830,Channel Islands
2008,152,Chile
2008,156,China
2008,344,"China, Hong Kong SAR"
2008,446,"China, Macao SAR"
2008,170,Colombia
2008,174,Comoros
2008,178,Congo
2008,188,Costa Rica
2008,191,Croatia
2008,192,Cuba
2008,196,Cyprus
2008,203,Czech Republic
2008,384,Côte d'Ivoire
2008,408,Dem. People's Republic of Korea
2008,180,Democratic Republic of the Congo
2008,208,Denmark
2008,262,Djibouti
2008,214,Dominican Republic
2008,910,Eastern Africa
2008,906,Eastern Asia
2008,923,Eastern Europe
2008,218,Ecuador
2008,818,Egypt
2008,222,El Salvador
2008,226,Equatorial Guinea
2008,232,Eritrea
2008,233,Estonia
2008,231,Ethiopia
2008,908,Europe
2008,242,Fiji
2008,246,Finland
2008,250,France
2008,254,French Guiana
2008,258,French Polynesia
2008,266,Gabon
2008,270,Gambia
2008,268,Georgia
2008,276,Germany
2008,288,Ghana
2008,300,Greece
2008,308,Grenada
2008,312,Guadeloupe
2008,316,Guam
2008,320,Guatemala
2008,324,Guinea
2008,624,Guinea-Bissau
2008,328,Guyana
2008,332,Haiti
2008,340,Honduras
2008,348,Hungary
2008,352,Iceland
2008,356,India
2008,360,Indonesia
2008,364,Iran (Islamic Republic of)
2008,368,Iraq
2008,372,Ireland
2008,376,Israel
2008,380,Italy
2008,388,Jamaica
2008,392,Japan
2008,400,Jordan
2008,398,Kazakhstan
2008,404,Kenya
2008,414,Kuwait
2008,417,Kyrgyzstan
2008,418,Lao People's Democratic Republic
2008,904,Latin America and the Caribbean
2008,428,Latvia
2008,941,Least developed countries
2008,422,Lebanon
2008,426,Lesotho
2008,902,Less developed regions
2008,948,"Less developed regions, excluding China"
2008,934,"Less developed regions, excluding least developed countries"
2008,430,Liberia
2008,434,Libya
2008,440,Lithuania
2008,442,Luxembourg
2008,450,Madagascar
2008,454,Malawi
2008,458,Malaysia
2008,462,Maldives
2008,466,Mali
2008,470,Malta
2008,474,Martinique
2008,478,Mauritania
2008,480,Mauritius
2008,175,Mayotte
2008,928,Melanesia
2008,484,Mexico
2008,954,Micronesia
2008,583,Micronesia (Fed. States of)
2008,911,Middle Africa
2008,496,Mongolia
2008,499,Montenegro
2008,901,More developed regions
2008,504,Morocco
2008,508,Mozambique
2008,104,Myanmar
2008,516,Namibia
2008,524,Nepal
2008,528,Netherlands
2008,530,Netherlands Antilles
2008,540,New Caledonia
2008,554,New Zealand
2008,558,Nicaragua
2008,562,Niger
2008,566,Nigeria
2008,912,Northern Africa
2008,905,Northern America
2008,924,Northern Europe
2008,578,Norway
2008,909,Oceania
2008,512,Oman
2008,586,Pakistan
2008,591,Panama
2008,598,Papua New Guinea
2008,600,Paraguay
2008,604,Peru
2008,608,Philippines
2008,616,Poland
2008,957,Polynesia
2008,620,Portugal
2008,630,Puerto Rico
2008,634,Qatar
2008,410,Republic of Korea
2008,498,Republic of Moldova
2008,642,Romania
2008,643,Russian Federation
2008,646,Rwanda
2008,638,Réunion
2008,662,Saint Lucia
2008,670,Saint Vincent and the Grenadines
2008,882,Samoa
2008,678,Sao Tome and Principe
2008,682,Saudi Arabia
2008,686,Senegal
2008,688,Serbia
2008,694,Sierra Leone
2008,702,Singapore
2008,703,Slovakia
2008,705,Slovenia
2008,90,Solomon Islands
2008,706,Somalia
2008,710,South Africa
2008,931,South America
2008,921,South-Central Asia
2008,920,South-Eastern Asia
2008,913,Southern Africa
2008,925,Southern Europe
2008,724,Spain
2008,144,Sri Lanka
2008,275,State of Palestine
2008,947,Sub-Saharan Africa
2008,736,Sudan (Former)
2008,740,Suriname
2008,748,Swaziland
2008,752,Sweden
2008,756,Switzerland
2008,760,Syrian Arab Republic
2008,807,TFYR Macedonia
2008,762,Tajikistan
2008,764,Thailand
2008,626,Timor-Leste
2008,768,Togo
2008,776,Tonga
2008,780,Trinidad and Tobago
2008,788,Tunisia
2008,792,Turkey
2008,795,Turkmenistan
2008,800,Uganda
2008,804,Ukraine
2008,784,United Arab Emirates
2008,826,United Kingdom
2008,834,United Republic of Tanzania
2008,850,United States Virgin Islands
2008,840,United States of America
2008,858,Uruguay
2008,860,Uzbekistan
2008,548,Vanuatu
2008,862,Venezuela (Bolivarian Republic of)
2008,704,Viet Nam
2008,914,Western Africa
2008,922,Western Asia
2008,926,Western Europe
2008,732,Western Sahara
2008,900,World
2008,887,Yemen
2008,894,Zambia
2008,716,Zimbabwe
2008,16,American Samoa
2008,20,Andorra
2008,660,Anguilla
2008,28,Antigua and Barbuda
2008,60,Bermuda
2008,92,British Virgin Islands
2008,136,Cayman Islands
2008,184,Cook Islands
2008,212,Dominica
2008,234,Faeroe Islands
2008,238,Falkland Islands (Malvinas)
2008,292,Gibraltar
2008,304,Greenland
2008,336,Holy See
2008,833,Isle of Man
2008,296,Kiribati
2008,438,Liechtenstein
2008,584,Marshall Islands
2008,492,Monaco
2008,500,Montserrat
2008,520,Nauru
2008,570,Niue
2008,580,Northern Mariana Islands
2008,585,Palau
2008,612,Pitcairn
2008,654,Saint Helena
2008,659,Saint Kitts and Nevis
2008,666,Saint Pierre and Miquelon
2008,674,San Marino
2008,690,Seychelles
2008,772,Tokelau
2008,796,Turks and Caicos Islands
2008,798,Tuvalu
2008,876,Wallis and Futuna Islands
2010,4,Afghanistan
2010,903,Africa
2010,1560,African Union
2010,8,Albania
2010,12,Algeria
2010,1533,Andean Community
2010,24,Angola
2010,1535,Arab Authority for Agricultural Investment and Development (AAAID)
2010,1528,Arab Common Market (ACM)
2010,1558,Arab Maghreb Union
2010,32,Argentina
2010,51,Armenia
2010,533,Aruba
2010,935,Asia
2010,1529,Association of Caribbean States (ACS)
2010,1557,Association of Southeast Asian Nations (ASEAN)
2010,36,Australia
2010,927,Australia/New Zealand
2010,40,Austria
2010,31,Azerbaijan
2010,1525,BRIC
2010,1526,BRICS
2010,44,Bahamas
2010,48,Bahrain
2010,50,Bangladesh
2010,52,Barbados
2010,112,Belarus
2010,56,Belgium
2010,84,Belize
2010,204,Benin
2010,64,Bhutan
2010,1527,Black Sea Economic Cooperation (BSEC)
2010,1569,Bolivarian Alliance for the Americas (ALBA)
2010,68,Bolivia (Plurinational State of)
2010,70,Bosnia and Herzegovina
2010,72,Botswana
2010,76,Brazil
2010,96,Brunei Darussalam
2010,100,Bulgaria
2010,854,Burkina Faso
2010,108,Burundi
2010,132,Cabo Verde
2010,116,Cambodia
2010,120,Cameroon
2010,124,Canada
2010,915,Caribbean
2010,1530,Caribbean Community and Common Market (CARICOM)
2010,1539,Central African Economic and Monetary Community (CEMAC)
2010,140,Central African Republic
2010,916,Central America
2010,1565,Central American Integration System (SICA)
2010,5500,Central Asia
2010,1545,Central European Free Trade Agreement (CEFTA)
2010,148,Chad
2010,830,Channel Islands
2010,152,Chile
2010,156,China
2010,1105,China (and dependencies)
2010,344,"China, Hong Kong SAR"
2010,446,"China, Macao SAR"
2010,170,Colombia
2010,1541,Common Market for Eastern and Southern Africa (COMESA)
2010,1566,Commonwealth of Independent States (CIS)
2010,1562,Community of Sahel-Saharan States (CEN-SAD)
2010,174,Comoros
2010,178,Congo
2010,1561,"Cooperation Council for the Arab States of the Gulf (CCASG, also known as Gulf Cooperation Council (GCC))"
2010,188,Costa Rica
2010,191,Croatia
2010,192,Cuba
2010,196,Cyprus
2010,203,Czech Republic
2010,384,Côte d'Ivoire
2010,408,Dem. People's Republic of Korea
2010,180,Democratic Republic of the Congo
2010,208,Denmark
2010,1106,Denmark (and dependencies)
2010,262,Djibouti
2010,214,Dominican Republic
2010,1725,ECA: Central Africa (CEA-AC)
2010,1729,ECA: Eastern Africa (SROEA)
2010,1727,ECA: North Africa (ECA-NA)
2010,1728,ECA: Southern Africa (ECA-SA)
2010,1726,ECA: West Africa (ECA-WA)
2010,1741,ECE: CIS-11
2010,1740,"ECE: EECCA (Eastern Europe, Caucasus and Central Asia)"
2010,1739,ECE: Euro area-17
2010,1738,ECE: European Union-27
2010,1737,ECE: North America-2
2010,1743,ECE: Special Programme for the Economies of Central Asia (SPECA)
2010,1736,ECE: UNECE-52
2010,1742,ECE: Western Balkans-6
2010,1747,ECLAC: CELADE
2010,1746,ECLAC: The Caribbean
2010,1755,ESCAP: East and North-East Asia
2010,1758,ESCAP: North and Central Asia
2010,1759,ESCAP: Pacific
2010,1757,ESCAP: South and South-West Asia
2010,1756,ESCAP: South-East Asia
2010,1563,East African Community (EAC)
2010,910,Eastern Africa
2010,906,Eastern Asia
2010,923,Eastern Europe
2010,1538,Economic Community of Central African States (ECCAS)
2010,1540,Economic Community of West African States (ECOWAS)
2010,1542,Economic Community of the Great Lakes Countries (CEPGL)
2010,1547,Economic Cooperation Organization (ECO)
2010,218,Ecuador
2010,818,Egypt
2010,222,El Salvador
2010,226,Equatorial Guinea
2010,232,Eritrea
2010,233,Estonia
2010,231,Ethiopia
2010,1546,Eurasian Economic Community (Eurasec)
2010,908,Europe
2010,1548,Europe (47)
2010,1506,Europe (48)
2010,1550,European Community (EC: 12)
2010,1544,European Free Trade Agreement (EFTA)
2010,1554,European Union (EU: 10) - Non-Euro Countries
2010,1549,European Union (EU: 15)
2010,1553,European Union (EU: 17) - Euro Zone
2010,1551,European Union (EU: 27)
2010,1603,FAO: Africa
2010,1604,FAO: Asia
2010,1624,FAO: Caribbean
2010,1625,FAO: Central America
2010,1619,FAO: Central Asia
2010,1616,FAO: East Africa
2010,1620,FAO: East Asia
2010,1623,FAO: Europe and the Caucasus
2010,1605,FAO: Latin America and the Caribbean
2010,1630,FAO: Low Income Food-Deficit Countries in Africa
2010,1633,FAO: Low Income Food-Deficit Countries in America
2010,1631,FAO: Low Income Food-Deficit Countries in Asia
2010,1632,FAO: Low Income Food-Deficit Countries in Europe
2010,1634,FAO: Low Income Food-Deficit Countries in Oceania
2010,1606,FAO: Low-Income Food-Deficit Countries (LIFDC)
2010,1627,FAO: Near and Middle East
2010,1635,FAO: Net food-importing developing countries
2010,1628,FAO: North America
2010,1617,FAO: North and West Africa
2010,1626,FAO: South America
2010,1621,FAO: South Asia
2010,1622,FAO: Southeast Asia
2010,1618,FAO: Southern Africa
2010,1629,FAO: Southwest Pacific
2010,242,Fiji
2010,246,Finland
2010,250,France
2010,1107,France (and dependencies)
2010,254,French Guiana
2010,258,French Polynesia
2010,266,Gabon
2010,270,Gambia
2010,268,Georgia
2010,276,Germany
2010,288,Ghana
2010,1536,Greater Arab Free Trade Area (GAFTA)
2010,1515,Greater Maghreb region
2010,300,Greece
2010,308,Grenada
2010,1556,Group of 77 (G77)
2010,1523,Group of Eight (G8)
2010,1522,Group of Seven (G7)
2010,1524,Group of Twenty (G20)
2010,312,Guadeloupe
2010,316,Guam
2010,320,Guatemala
2010,324,Guinea
2010,624,Guinea-Bissau
2010,328,Guyana
2010,332,Haiti
2010,1503,High-income countries
2010,340,Honduras
2010,348,Hungary
2010,352,Iceland
2010,356,India
2010,1567,Indian Ocean Rim Association for Regional Cooperation (IOR: ARC)
2010,360,Indonesia
2010,1537,Intergovernmental Authority on Development (IGAD)
2010,364,Iran (Islamic Republic of)
2010,368,Iraq
2010,372,Ireland
2010,376,Israel
2010,380,Italy
2010,388,Jamaica
2010,392,Japan
2010,400,Jordan
2010,398,Kazakhstan
2010,404,Kenya
2010,414,Kuwait
2010,417,Kyrgyzstan
2010,418,Lao People's Democratic Republic
2010,904,Latin America and the Caribbean
2010,1532,Latin American Integration Association (ALADI)
2010,428,Latvia
2010,1559,League of Arab States (informal name: Arab League)
2010,1507,League of Arab States: Least Developed Countries
2010,941,Least developed countries
2010,1475,Least developed: Africa
2010,1476,Least developed: Asia
2010,1477,Least developed: Latin America and the Caribbean
2010,1478,Least developed: Oceania
2010,422,Lebanon
2010,426,Lesotho
2010,902,Less developed regions
2010,948,"Less developed regions, excluding China"
2010,934,"Less developed regions, excluding least developed countries"
2010,1479,Less developed: Africa
2010,1480,Less developed: Asia
2010,1481,Less developed: Latin America and the Caribbean
2010,1482,Less developed: Oceania
2010,430,Liberia
2010,434,Libya
2010,440,Lithuania
2010,1500,Low-income countries
2010,1501,Lower-middle-income countries
2010,442,Luxembourg
2010,1574,MDG Developed regions
2010,1514,MDG Developing regions
2010,1582,MDG Developing regions: Caribbean
2010,1577,MDG Developing regions: Caucasus and Central Asia
2010,1578,MDG Developing regions: Eastern Asia
2010,1583,MDG Developing regions: Latin America
2010,1584,MDG Developing regions: Latin America and the Caribbean
2010,1575,MDG Developing regions: Northern Africa
2010,1580,MDG Developing regions: South-Eastern Asia
2010,1579,MDG Developing regions: Southern Asia
2010,1576,MDG Developing regions: Sub-Saharan Africa
2010,1581,MDG Developing regions: Western Asia
2010,450,Madagascar
2010,950,Maghreb region
2010,454,Malawi
2010,458,Malaysia
2010,462,Maldives
2010,466,Mali
2010,470,Malta
2010,474,Martinique
2010,951,Mashreq region
2010,478,Mauritania
2010,480,Mauritius
2010,175,Mayotte
2010,928,Melanesia
2010,484,Mexico
2010,954,Micronesia
2010,583,Micronesia (Fed. States of)
2010,911,Middle Africa
2010,496,Mongolia
2010,499,Montenegro
2010,901,More developed regions
2010,1483,More developed: Asia
2010,1484,More developed: Europe
2010,1485,More developed: Northern America
2010,1486,More developed: Oceania
2010,504,Morocco
2010,508,Mozambique
2010,104,Myanmar
2010,516,Namibia
2010,524,Nepal
2010,528,Netherlands
2010,1108,Netherlands (and dependencies)
2010,530,Netherlands Antilles
2010,540,New Caledonia
2010,1552,New EU member states
2010,554,New Zealand
2010,1109,New Zealand (and dependencies)
2010,558,Nicaragua
2010,562,Niger
2010,566,Nigeria
2010,1615,Non-Self-Governing Territories
2010,1520,North American Free Trade Agreement (NAFTA)
2010,1555,North Atlantic Treaty Organization (NATO)
2010,912,Northern Africa
2010,905,Northern America
2010,924,Northern Europe
2010,578,Norway
2010,909,Oceania
2010,512,Oman
2010,1505,Organisation for Economic Co-operation and Development (OECD)
2010,1568,Organization of Eastern Caribbean States (OECS)
2010,1521,Organization of Petroleum Exporting countries (OPEC)
2010,1570,Organization of the Islamic Conference (OIC)
2010,158,Other non-specified areas
2010,1572,Pacific Islands Forum (PIF)
2010,586,Pakistan
2010,591,Panama
2010,598,Papua New Guinea
2010,600,Paraguay
2010,604,Peru
2010,608,Philippines
2010,616,Poland
2010,957,Polynesia
2010,620,Portugal
2010,630,Puerto Rico
2010,634,Qatar
2010,410,Republic of Korea
2010,498,Republic of Moldova
2010,642,Romania
2010,643,Russian Federation
2010,646,Rwanda
2010,638,Réunion
2010,1104,Sahel region
2010,662,Saint Lucia
2010,670,Saint Vincent and the Grenadines
2010,882,Samoa
2010,678,Sao Tome and Principe
2010,682,Saudi Arabia
2010,1573,Schengen countries
2010,686,Senegal
2010,688,Serbia
2010,694,Sierra Leone
2010,702,Singapore
2010,703,Slovakia
2010,705,Slovenia
2010,90,Solomon Islands
2010,706,Somalia
2010,710,South Africa
2010,931,South America
2010,1761,South Asian Association for Regional Cooperation (SAARC)
2010,921,South-Central Asia
2010,920,South-Eastern Asia
2010,913,Southern Africa
2010,1564,Southern African Development Community (SADC)
2010,5501,Southern Asia
2010,1534,Southern Common Market (MERCOSUR)
2010,925,Southern Europe
2010,724,Spain
2010,144,Sri Lanka
2010,275,State of Palestine
2010,947,Sub-Saharan Africa
2010,949,Sub-Saharan Africa (Excl.Sudan)
2010,736,Sudan (Former)
2010,740,Suriname
2010,748,Swaziland
2010,752,Sweden
2010,756,Switzerland
2010,760,Syrian Arab Republic
2010,807,TFYR Macedonia
2010,762,Tajikistan
2010,764,Thailand
2010,626,Timor-Leste
2010,768,Togo
2010,776,Tonga
2010,780,Trinidad and Tobago
2010,788,Tunisia
2010,792,Turkey
2010,795,Turkmenistan
2010,1611,UNFPA: Arab States (AS)
2010,1610,UNFPA: Asia and the Pacific (AAP)
2010,1612,UNFPA: Eastern Europe and Central Asia (EECA)
2010,1613,UNFPA: Latin America and the Caribbean (LAC)
2010,1614,UNFPA: Sub-Saharan Africa (SSA)
2010,1585,UNICEF: Central and Eastern Europe and the Commonwealth of Independent States (CEE/CIS)
2010,1586,UNICEF: East Asia and The Pacific region (EAPRO)
2010,1587,UNICEF: Eastern and Southern Africa region (ESARO)
2010,1588,UNICEF: Industrialized countries
2010,1589,UNICEF: Latin America and The Caribbean region (TACRO)
2010,1590,UNICEF: Middle East and North Africa region (MENA)
2010,1591,UNICEF: South Asia region (ROSA)
2010,1592,UNICEF: West and Central Africa region (WCARO)
2010,800,Uganda
2010,804,Ukraine
2010,784,United Arab Emirates
2010,826,United Kingdom
2010,1110,United Kingdom (and dependencies)
2010,1730,United Nations Economic Commission for Africa (UN-ECA)
2010,1735,United Nations Economic Commission for Europe (UN-ECE)
2010,1745,United Nations Economic Commission for Latin America and the Caribbean (UN-ECLAC)
2010,1760,United Nations Economic and Social Commission for Asia and the Pacific (UN-ESCAP)
2010,1765,United Nations Economic and Social Commission for Western Asia (UN-ESCWA)
2010,1599,United Nations Member States
2010,834,United Republic of Tanzania
2010,850,United States Virgin Islands
2010,840,United States of America
2010,1111,United States of America (and dependencies)
2010,1502,Upper-middle-income countries
2010,858,Uruguay
2010,860,Uzbekistan
2010,548,Vanuatu
2010,862,Venezuela (Bolivarian Republic of)
2010,704,Viet Nam
2010,1504,WB High-income OECD members
2010,1509,WB region: East Asia and Pacific (developing only)
2010,1510,WB region: Europe and Central Asia (developing only)
2010,1511,WB region: Latin America and Caribbean (developing only)
2010,1512,WB region: Middle East and North Africa (developing only)
2010,1513,WB region: South Asia
2010,1508,WB region: Sub-Saharan Africa (developing only)
2010,1593,WHO: African region (AFRO)
2010,1596,WHO: Americas (AMRO)
2010,1595,WHO: Eastern Mediterranean Region (EMRO)
2010,1594,WHO: European Region (EURO)
2010,1597,WHO: South-East Asia region (SEARO)
2010,1598,WHO: Western Pacific region (WPRO)
2010,1543,West African Economic and Monetary Union (UEMOA)
2010,914,Western Africa
2010,922,Western Asia
2010,926,Western Europe
2010,732,Western Sahara
2010,900,World
2010,887,Yemen
2010,894,Zambia
2010,716,Zimbabwe
2010,16,American Samoa
2010,20,Andorra
2010,660,Anguilla
2010,28,Antigua and Barbuda
2010,60,Bermuda
2010,92,British Virgin Islands
2010,136,Cayman Islands
2010,184,Cook Islands
2010,212,Dominica
2010,1804,Economic groups
2010,1817,FAO Regions
2010,234,Faeroe Islands
2010,238,Falkland Islands (Malvinas)
2010,292,Gibraltar
2010,304,Greenland
2010,336,Holy See
2010,1810,International groups
2010,833,Isle of Man
2010,296,Kiribati
2010,438,Liechtenstein
2010,1816,MDG Regional Groupings
2010,584,Marshall Islands
2010,492,Monaco
2010,500,Montserrat
2010,520,Nauru
2010,570,Niue
2010,580,Northern Mariana Islands
2010,585,Palau
2010,1811,Regional political groups: Africa
2010,1812,Regional political groups: Americas
2010,1813,Regional political groups: Arab
2010,1814,Regional political groups: Asia and Oceania
2010,1815,Regional political groups: Europe
2010,1805,Regional trade groups: Africa
2010,1806,Regional trade groups: Americas
2010,1807,Regional trade groups: Arab
2010,1808,Regional trade groups: Asia
2010,1809,Regional trade groups: Europe
2010,654,Saint Helena
2010,659,Saint Kitts and Nevis
2010,666,Saint Pierre and Miquelon
2010,674,San Marino
2010,690,Seychelles
2010,772,Tokelau
2010,796,Turks and Caicos Islands
2010,798,Tuvalu
2010,1803,UN development groups
2010,1819,UNFPA Regions
2010,1818,UNICEF Regions
2010,1821,United Nations Regional Commissions
2010,1820,WHO Regions
2010,876,Wallis and Futuna Islands
2010,1802,World Bank Income Groups
2010,1801,World Bank Regional Groups (developing only)
2012,4,Afghanistan
2012,903,Africa
2012,1560,African Union
2012,8,Albania
2012,12,Algeria
2012,24,Angola
2012,28,Antigua and Barbuda
2012,32,Argentina
2012,51,Armenia
2012,533,Aruba
2012,935,Asia
2012,1557,Association of Southeast Asian Nations (ASEAN)
2012,36,Australia
2012,927,Australia/New Zealand
2012,40,Austria
2012,31,Azerbaijan
2012,1525,BRIC
2012,1526,BRICS
2012,44,Bahamas
2012,48,Bahrain
2012,50,Bangladesh
2012,52,Barbados
2012,112,Belarus
2012,56,Belgium
2012,84,Belize
2012,204,Benin
2012,64,Bhutan
2012,1569,Bolivarian Alliance for the Americas (ALBA)
2012,68,Bolivia (Plurinational State of)
2012,70,Bosnia and Herzegovina
2012,72,Botswana
2012,76,Brazil
2012,96,Brunei Darussalam
2012,100,Bulgaria
2012,854,Burkina Faso
2012,108,Burundi
2012,132,Cabo Verde
2012,116,Cambodia
2012,120,Cameroon
2012,124,Canada
2012,915,Caribbean
2012,140,Central African Republic
2012,916,Central America
2012,5500,Central Asia
2012,921,Central and Southern Asia
2012,148,Chad
2012,830,Channel Islands
2012,152,Chile
2012,156,China
2012,1105,China (and dependencies)
2012,344,"China, Hong Kong SAR"
2012,446,"China, Macao SAR"
2012,158,"China, Taiwan Province of China"
2012,170,Colombia
2012,1566,Commonwealth of Independent States (CIS)
2012,174,Comoros
2012,178,Congo
2012,188,Costa Rica
2012,191,Croatia
2012,192,Cuba
2012,531,Curaçao
2012,196,Cyprus
2012,203,Czechia
2012,384,Côte d'Ivoire
2012,408,Dem. People's Republic of Korea
2012,180,Democratic Republic of the Congo
2012,208,Denmark
2012,1106,Denmark (and dependencies)
2012,262,Djibouti
2012,214,Dominican Republic
2012,1737,ECE: North America-2
2012,1736,ECE: UNECE-52
2012,1765,ESCWA: member countries
2012,910,Eastern Africa
2012,906,Eastern Asia
2012,923,Eastern Europe
2012,218,Ecuador
2012,818,Egypt
2012,222,El Salvador
2012,226,Equatorial Guinea
2012,232,Eritrea
2012,233,Estonia
2012,748,Eswatini
2012,231,Ethiopia
2012,908,Europe
2012,1506,Europe (48)
2012,1550,European Community (EC: 12)
2012,1549,European Union (EU: 15)
2012,1551,European Union (EU: 27)
2012,242,Fiji
2012,246,Finland
2012,250,France
2012,1107,France (and dependencies)
2012,254,French Guiana
2012,258,French Polynesia
2012,266,Gabon
2012,270,Gambia
2012,268,Georgia
2012,276,Germany
2012,288,Ghana
2012,300,Greece
2012,308,Grenada
2012,1556,Group of 77 (G77)
2012,1523,Group of Eight (G8)
2012,1522,Group of Seven (G7)
2012,1524,Group of Twenty (G20) - member states
2012,312,Guadeloupe
2012,316,Guam
2012,320,Guatemala
2012,324,Guinea
2012,624,Guinea-Bissau
2012,328,Guyana
2012,332,Haiti
2012,1503,High-income countries
2012,340,Honduras
2012,348,Hungary
2012,352,Iceland
2012,356,India
2012,360,Indonesia
2012,364,Iran (Islamic Republic of)
2012,368,Iraq
2012,372,Ireland
2012,376,Israel
2012,380,Italy
2012,388,Jamaica
2012,392,Japan
2012,400,Jordan
2012,398,Kazakhstan
2012,404,Kenya
2012,296,Kiribati
2012,414,Kuwait
2012,417,Kyrgyzstan
2012,418,Lao People's Democratic Republic
2012,904,Latin America and the Caribbean
2012,428,Latvia
2012,1559,"League of Arab States (LAS, informal name: Arab League)"
2012,941,Least developed countries
2012,1475,Least developed: Africa
2012,1476,Least developed: Asia
2012,1477,Least developed: Latin America and the Caribbean
2012,1478,Least developed: Oceania
2012,422,Lebanon
2012,426,Lesotho
2012,902,Less developed regions
2012,948,"Less developed regions, excluding China"
2012,934,"Less developed regions, excluding least developed countries"
2012,1479,Less developed: Africa
2012,1480,Less developed: Asia
2012,1481,Less developed: Latin America and the Caribbean
2012,1482,Less developed: Oceania
2012,430,Liberia
2012,434,Libya
2012,440,Lithuania
2012,1500,Low-income countries
2012,1501,Lower-middle-income countries
2012,442,Luxembourg
2012,1574,MDG Developed regions
2012,1514,MDG Developing regions
2012,1582,MDG Developing regions: Caribbean
2012,1577,MDG Developing regions: Caucasus and Central Asia
2012,1578,MDG Developing regions: Eastern Asia
2012,1583,MDG Developing regions: Latin America
2012,1584,MDG Developing regions: Latin America and the Caribbean
2012,1575,MDG Developing regions: Northern Africa
2012,1516,MDG Developing regions: Oceania
2012,1580,MDG Developing regions: South-Eastern Asia
2012,1579,MDG Developing regions: Southern Asia
2012,1576,MDG Developing regions: Sub-Saharan Africa
2012,1581,MDG Developing regions: Western Asia
2012,450,Madagascar
2012,454,Malawi
2012,458,Malaysia
2012,462,Maldives
2012,466,Mali
2012,470,Malta
2012,474,Martinique
2012,478,Mauritania
2012,480,Mauritius
2012,175,Mayotte
2012,928,Melanesia
2012,484,Mexico
2012,954,Micronesia
2012,583,Micronesia (Fed. States of)
2012,911,Middle Africa
2012,496,Mongolia
2012,499,Montenegro
2012,901,More developed regions
2012,1483,More developed: Asia
2012,1484,More developed: Europe
2012,1485,More developed: Northern America
2012,1486,More developed: Oceania
2012,504,Morocco
2012,508,Mozambique
2012,104,Myanmar
2012,516,Namibia
2012,524,Nepal
2012,528,Netherlands
2012,1108,Netherlands (and dependencies)
2012,540,New Caledonia
2012,554,New Zealand
2012,1109,New Zealand (and dependencies)
2012,558,Nicaragua
2012,562,Niger
2012,566,Nigeria
2012,1615,Non-Self-Governing Territories
2012,1555,North Atlantic Treaty Organization (NATO)
2012,807,North Macedonia
2012,912,Northern Africa
2012,905,Northern America
2012,924,Northern Europe
2012,578,Norway
2012,909,Oceania
2012,512,Oman
2012,1505,Organisation for Economic Co-operation and Development (OECD)
2012,1521,Organization of Petroleum Exporting countries (OPEC)
2012,586,Pakistan
2012,591,Panama
2012,598,Papua New Guinea
2012,600,Paraguay
2012,604,Peru
2012,608,Philippines
2012,616,Poland
2012,957,Polynesia
2012,620,Portugal
2012,630,Puerto Rico
2012,634,Qatar
2012,410,Republic of Korea
2012,498,Republic of Moldova
2012,642,Romania
2012,643,Russian Federation
2012,646,Rwanda
2012,638,Réunion
2012,662,Saint Lucia
2012,670,Saint Vincent and the Grenadines
2012,882,Samoa
2012,678,Sao Tome and Principe
2012,682,Saudi Arabia
2012,686,Senegal
2012,688,Serbia
2012,690,Seychelles
2012,694,Sierra Leone
2012,702,Singapore
2012,703,Slovakia
2012,705,Slovenia
2012,90,Solomon Islands
2012,706,Somalia
2012,710,South Africa
2012,931,South America
2012,728,South Sudan
2012,920,South-Eastern Asia
2012,913,Southern Africa
2012,5501,Southern Asia
2012,925,Southern Europe
2012,724,Spain
2012,144,Sri Lanka
2012,275,State of Palestine
2012,947,Sub-Saharan Africa
2012,729,Sudan
2012,740,Suriname
2012,752,Sweden
2012,756,Switzerland
2012,760,Syrian Arab Republic
2012,762,Tajikistan
2012,764,Thailand
2012,626,Timor-Leste
2012,768,Togo
2012,776,Tonga
2012,780,Trinidad and Tobago
2012,788,Tunisia
2012,792,Turkey
2012,795,Turkmenistan
2012,1735,UN-ECE: member countries
2012,1611,UNFPA: Arab States (AS)
2012,1610,UNFPA: Asia and the Pacific (AP)
2012,1612,UNFPA: Eastern Europe and Central Asia (EECA)
2012,1613,UNFPA: Latin America and the Caribbean (LAC)
2012,1614,UNFPA: Sub-Saharan Africa (SSA)
2012,1586,UNICEF Programme Regions: East Asia and Pacific (EAPRO)
2012,1587,UNICEF Programme Regions: Eastern and Southern Africa (ESARO)
2012,1585,UNICEF Programme Regions: Europe and Central Asia (CEECIS)
2012,1589,UNICEF Programme Regions: Latin America and Caribbean (LACRO)
2012,1590,UNICEF Programme Regions: Middle East and North Africa (MENARO)
2012,1591,UNICEF Programme Regions: South Asia (ROSA)
2012,1592,UNICEF Programme Regions: West and Central Africa (WCARO)
2012,800,Uganda
2012,804,Ukraine
2012,784,United Arab Emirates
2012,826,United Kingdom
2012,1110,United Kingdom (and dependencies)
2012,1730,United Nations Economic Commission for Africa (UN-ECA)
2012,1745,United Nations Economic Commission for Latin America and the Caribbean (UN-ECLAC)
2012,1760,United Nations Economic and Social Commission for Asia and the Pacific (UN-ESCAP) Regions
2012,1599,United Nations Member States
2012,834,United Republic of Tanzania
2012,850,United States Virgin Islands
2012,840,United States of America
2012,1111,United States of America (and dependencies)
2012,1502,Upper-middle-income countries
2012,858,Uruguay
2012,860,Uzbekistan
2012,548,Vanuatu
2012,862,Venezuela (Bolivarian Republic of)
2012,704,Viet Nam
2012,1504,WB High-income OECD members
2012,1509,WB region: East Asia and Pacific (excluding high income)
2012,1510,WB region: Europe and Central Asia (excluding high income)
2012,1511,WB region: Latin America and Caribbean (excluding high income)
2012,1512,WB region: Middle East and North Africa (excluding high income)
2012,1513,WB region: South Asia (excluding high income)
2012,1508,WB region: Sub-Saharan Africa (excluding high income)
2012,1593,WHO: African region (AFRO)
2012,1596,WHO: Americas (AMRO)
2012,1595,WHO: Eastern Mediterranean Region (EMRO)
2012,1594,WHO: European Region (EURO)
2012,1597,WHO: South-East Asia region (SEARO)
2012,1598,WHO: Western Pacific region (WPRO)
2012,914,Western Africa
2012,922,Western Asia
2012,926,Western Europe
2012,732,Western Sahara
2012,900,World
2012,887,Yemen
2012,894,Zambia
2012,716,Zimbabwe
2012,16,American Samoa
2012,20,Andorra
2012,660,Anguilla
2012,60,Bermuda
2012,535,"Bonaire, Sint Eustatius and Saba"
2012,92,British Virgin Islands
2012,136,Cayman Islands
2012,184,Cook Islands
2012,212,Dominica
2012,1804,Economic groups
2012,238,Falkland Islands (Malvinas)
2012,234,Faroe Islands
2012,292,Gibraltar
2012,304,Greenland
2012,336,Holy See
2012,1810,International groups
2012,833,Isle of Man
2012,438,Liechtenstein
2012,1816,MDG Regional Groupings
2012,584,Marshall Islands
2012,492,Monaco
2012,500,Montserrat
2012,520,Nauru
2012,570,Niue
2012,580,Northern Mariana Islands
2012,585,Palau
2012,1811,Regional political groups: Africa
2012,1812,Regional political groups: Americas
2012,1813,Regional political groups: Arab
2012,1814,Regional political groups: Asia and Oceania
2012,1815,Regional political groups: Europe
2012,654,Saint Helena
2012,659,Saint Kitts and Nevis
2012,666,Saint Pierre and Miquelon
2012,674,San Marino
2012,534,Sint Maarten (Dutch part)
2012,772,Tokelau
2012,796,Turks and Caicos Islands
2012,798,Tuvalu
2012,1803,UN development groups
2012,1819,UNFPA Regions
2012,1818,UNICEF PROGRAMME REGIONS
2012,1821,United Nations Regional Commissions
2012,1820,WHO Regions
2012,876,Wallis and Futuna Islands
2012,1801,World Bank Regional Groups (developing only)
2012,1802,World Bank income groups
2015,4,Afghanistan
2015,903,Africa
2015,1560,African Union
2015,8,Albania
2015,12,Algeria
2015,24,Angola
2015,28,Antigua and Barbuda
2015,32,Argentina
2015,51,Armenia
2015,533,Aruba
2015,935,Asia
2015,1557,Association of Southeast Asian Nations (ASEAN)
2015,36,Australia
2015,927,Australia/New Zealand
2015,40,Austria
2015,31,Azerbaijan
2015,1525,BRIC
2015,1526,BRICS
2015,44,Bahamas
2015,48,Bahrain
2015,50,Bangladesh
2015,52,Barbados
2015,112,Belarus
2015,56,Belgium
2015,84,Belize
2015,204,Benin
2015,64,Bhutan
2015,1569,Bolivarian Alliance for the Americas (ALBA)
2015,68,Bolivia (Plurinational State of)
2015,70,Bosnia and Herzegovina
2015,72,Botswana
2015,76,Brazil
2015,96,Brunei Darussalam
2015,100,Bulgaria
2015,854,Burkina Faso
2015,108,Burundi
2015,132,Cabo Verde
2015,116,Cambodia
2015,120,Cameroon
2015,124,Canada
2015,915,Caribbean
2015,140,Central African Republic
2015,916,Central America
2015,5500,Central Asia
2015,921,Central and Southern Asia
2015,148,Chad
2015,830,Channel Islands
2015,152,Chile
2015,156,China
2015,1105,China (and dependencies)
2015,344,"China, Hong Kong SAR"
2015,446,"China, Macao SAR"
2015,158,"China, Taiwan Province of China"
2015,170,Colombia
2015,1566,Commonwealth of Independent States (CIS)
2015,174,Comoros
2015,178,Congo
2015,188,Costa Rica
2015,191,Croatia
2015,192,Cuba
2015,531,Curaçao
2015,196,Cyprus
2015,203,Czechia
2015,384,Côte d'Ivoire
2015,408,Dem. People's Republic of Korea
2015,180,Democratic Republic of the Congo
2015,208,Denmark
2015,1106,Denmark (and dependencies)
2015,262,Djibouti
2015,214,Dominican Republic
2015,1737,ECE: North America-2
2015,1736,ECE: UNECE-52
2015,1765,ESCWA: member countries
2015,910,Eastern Africa
2015,906,Eastern Asia
2015,923,Eastern Europe
2015,218,Ecuador
2015,818,Egypt
2015,222,El Salvador
2015,226,Equatorial Guinea
2015,232,Eritrea
2015,233,Estonia
2015,748,Eswatini
2015,231,Ethiopia
2015,908,Europe
2015,1506,Europe (48)
2015,1550,European Community (EC: 12)
2015,1549,European Union (EU: 15)
2015,986,European Union (EU: 28)
2015,242,Fiji
2015,246,Finland
2015,250,France
2015,1107,France (and dependencies)
2015,254,French Guiana
2015,258,French Polynesia
2015,266,Gabon
2015,270,Gambia
2015,268,Georgia
2015,276,Germany
2015,288,Ghana
2015,300,Greece
2015,308,Grenada
2015,1556,Group of 77 (G77)
2015,1523,Group of Eight (G8)
2015,1522,Group of Seven (G7)
2015,1524,Group of Twenty (G20) - member states
2015,312,Guadeloupe
2015,316,Guam
2015,320,Guatemala
2015,324,Guinea
2015,624,Guinea-Bissau
2015,328,Guyana
2015,332,Haiti
2015,1503,High-income countries
2015,340,Honduras
2015,348,Hungary
2015,352,Iceland
2015,356,India
2015,360,Indonesia
2015,364,Iran (Islamic Republic of)
2015,368,Iraq
2015,372,Ireland
2015,376,Israel
2015,380,Italy
2015,388,Jamaica
2015,392,Japan
2015,400,Jordan
2015,398,Kazakhstan
2015,404,Kenya
2015,296,Kiribati
2015,414,Kuwait
2015,417,Kyrgyzstan
2015,418,Lao People's Democratic Republic
2015,904,Latin America and the Caribbean
2015,428,Latvia
2015,1559,"League of Arab States (LAS, informal name: Arab League)"
2015,941,Least developed countries
2015,1475,Least developed: Africa
2015,1476,Least developed: Asia
2015,1477,Least developed: Latin America and the Caribbean
2015,1478,Least developed: Oceania
2015,422,Lebanon
2015,426,Lesotho
2015,902,Less developed regions
2015,948,"Less developed regions, excluding China"
2015,934,"Less developed regions, excluding least developed countries"
2015,1479,Less developed: Africa
2015,1480,Less developed: Asia
2015,1481,Less developed: Latin America and the Caribbean
2015,1482,Less developed: Oceania
2015,430,Liberia
2015,434,Libya
2015,440,Lithuania
2015,1500,Low-income countries
2015,1501,Lower-middle-income countries
2015,442,Luxembourg
2015,1574,MDG Developed regions
2015,1514,MDG Developing regions
2015,1582,MDG Developing regions: Caribbean
2015,1577,MDG Developing regions: Caucasus and Central Asia
2015,1578,MDG Developing regions: Eastern Asia
2015,1583,MDG Developing regions: Latin America
2015,1584,MDG Developing regions: Latin America and the Caribbean
2015,1575,MDG Developing regions: Northern Africa
2015,1516,MDG Developing regions: Oceania
2015,1580,MDG Developing regions: South-Eastern Asia
2015,1579,MDG Developing regions: Southern Asia
2015,1576,MDG Developing regions: Sub-Saharan Africa
2015,1581,MDG Developing regions: Western Asia
2015,450,Madagascar
2015,454,Malawi
2015,458,Malaysia
2015,462,Maldives
2015,466,Mali
2015,470,Malta
2015,474,Martinique
2015,478,Mauritania
2015,480,Mauritius
2015,175,Mayotte
2015,928,Melanesia
2015,484,Mexico
2015,954,Micronesia
2015,583,Micronesia (Fed. States of)
2015,911,Middle Africa
2015,1517,Middle-income countries
2015,496,Mongolia
2015,499,Montenegro
2015,901,More developed regions
2015,1483,More developed: Asia
2015,1484,More developed: Europe
2015,1485,More developed: Northern America
2015,1486,More developed: Oceania
2015,504,Morocco
2015,508,Mozambique
2015,104,Myanmar
2015,516,Namibia
2015,524,Nepal
2015,528,Netherlands
2015,1108,Netherlands (and dependencies)
2015,540,New Caledonia
2015,554,New Zealand
2015,1109,New Zealand (and dependencies)
2015,558,Nicaragua
2015,562,Niger
2015,566,Nigeria
2015,1615,Non-Self-Governing Territories
2015,1555,North Atlantic Treaty Organization (NATO)
2015,807,North Macedonia
2015,912,Northern Africa
2015,905,Northern America
2015,924,Northern Europe
2015,578,Norway
2015,909,Oceania
2015,512,Oman
2015,1505,Organisation for Economic Co-operation and Development (OECD)
2015,1521,Organization of Petroleum Exporting countries (OPEC)
2015,586,Pakistan
2015,591,Panama
2015,598,Papua New Guinea
2015,600,Paraguay
2015,604,Peru
2015,608,Philippines
2015,616,Poland
2015,957,Polynesia
2015,620,Portugal
2015,630,Puerto Rico
2015,634,Qatar
2015,410,Republic of Korea
2015,498,Republic of Moldova
2015,642,Romania
2015,643,Russian Federation
2015,646,Rwanda
2015,638,Réunion
2015,662,Saint Lucia
2015,670,Saint Vincent and the Grenadines
2015,882,Samoa
2015,678,Sao Tome and Principe
2015,682,Saudi Arabia
2015,686,Senegal
2015,688,Serbia
2015,690,Seychelles
2015,694,Sierra Leone
2015,702,Singapore
2015,703,Slovakia
2015,705,Slovenia
2015,90,Solomon Islands
2015,706,Somalia
2015,710,South Africa
2015,931,South America
2015,728,South Sudan
2015,920,South-Eastern Asia
2015,913,Southern Africa
2015,5501,Southern Asia
2015,925,Southern Europe
2015,724,Spain
2015,144,Sri Lanka
2015,275,State of Palestine
2015,947,Sub-Saharan Africa
2015,729,Sudan
2015,740,Suriname
2015,752,Sweden
2015,756,Switzerland
2015,760,Syrian Arab Republic
2015,762,Tajikistan
2015,764,Thailand
2015,626,Timor-Leste
2015,768,Togo
2015,776,Tonga
2015,780,Trinidad and Tobago
2015,788,Tunisia
2015,792,Turkey
2015,795,Turkmenistan
2015,1735,UN-ECE: member countries
2015,1611,UNFPA: Arab States (AS)
2015,1610,UNFPA: Asia and the Pacific (AP)
2015,1703,UNFPA: East and Southern Africa (ESA)
2015,1612,UNFPA: Eastern Europe and Central Asia (EECA)
2015,1613,UNFPA: Latin America and the Caribbean (LAC)
2015,1614,UNFPA: Sub-Saharan Africa (SSA)
2015,1704,UNFPA: West and Central Africa (WCA)
2015,1586,UNICEF Programme Regions: East Asia and Pacific (EAPRO)
2015,1587,UNICEF Programme Regions: Eastern and Southern Africa (ESARO)
2015,1585,UNICEF Programme Regions: Europe and Central Asia (CEECIS)
2015,1589,UNICEF Programme Regions: Latin America and Caribbean (LACRO)
2015,1590,UNICEF Programme Regions: Middle East and North Africa (MENARO)
2015,1591,UNICEF Programme Regions: South Asia (ROSA)
2015,1592,UNICEF Programme Regions: West and Central Africa (WCARO)
2015,800,Uganda
2015,804,Ukraine
2015,784,United Arab Emirates
2015,826,United Kingdom
2015,1110,United Kingdom (and dependencies)
2015,1730,United Nations Economic Commission for Africa (UN-ECA)
2015,1745,United Nations Economic Commission for Latin America and the Caribbean (UN-ECLAC)
2015,1760,United Nations Economic and Social Commission for Asia and the Pacific (UN-ESCAP) Regions
2015,1599,United Nations Member States
2015,834,United Republic of Tanzania
2015,850,United States Virgin Islands
2015,840,United States of America
2015,1111,United States of America (and dependencies)
2015,1502,Upper-middle-income countries
2015,858,Uruguay
2015,860,Uzbekistan
2015,548,Vanuatu
2015,862,Venezuela (Bolivarian Republic of)
2015,704,Viet Nam
2015,1504,WB High-income OECD members
2015,1509,WB region: East Asia and Pacific (excluding high income)
2015,1510,WB region: Europe and Central Asia (excluding high income)
2015,1511,WB region: Latin America and Caribbean (excluding high income)
2015,1512,WB region: Middle East and North Africa (excluding high income)
2015,1513,WB region: South Asia (excluding high income)
2015,1508,WB region: Sub-Saharan Africa (excluding high income)
2015,1593,WHO: African region (AFRO)
2015,1596,WHO: Americas (AMRO)
2015,1595,WHO: Eastern Mediterranean Region (EMRO)
2015,1594,WHO: European Region (EURO)
2015,1597,WHO: South-East Asia region (SEARO)
2015,1598,WHO: Western Pacific region (WPRO)
2015,914,Western Africa
2015,922,Western Asia
2015,926,Western Europe
2015,732,Western Sahara
2015,900,World
2015,887,Yemen
2015,894,Zambia
2015,716,Zimbabwe
2015,16,American Samoa
2015,20,Andorra
2015,660,Anguilla
2015,60,Bermuda
2015,535,"Bonaire, Sint Eustatius and Saba"
2015,92,British Virgin Islands
2015,136,Cayman Islands
2015,184,Cook Islands
2015,212,Dominica
2015,1804,Economic groups
2015,238,Falkland Islands (Malvinas)
2015,234,Faroe Islands
2015,292,Gibraltar
2015,304,Greenland
2015,336,Holy See
2015,1810,International groups
2015,833,Isle of Man
2015,438,Liechtenstein
2015,1816,MDG Regional Groupings
2015,584,Marshall Islands
2015,492,Monaco
2015,500,Montserrat
2015,520,Nauru
2015,570,Niue
2015,580,Northern Mariana Islands
2015,585,Palau
2015,1811,Regional political groups: Africa
2015,1812,Regional political groups: Americas
2015,1813,Regional political groups: Arab
2015,1814,Regional political groups: Asia and Oceania
2015,1815,Regional political groups: Europe
2015,654,Saint Helena
2015,659,Saint Kitts and Nevis
2015,666,Saint Pierre and Miquelon
2015,674,San Marino
2015,534,Sint Maarten (Dutch part)
2015,772,Tokelau
2015,796,Turks and Caicos Islands
2015,798,Tuvalu
2015,1803,UN development groups
2015,1819,UNFPA Regions
2015,1818,UNICEF PROGRAMME REGIONS
2015,1821,United Nations Regional Commissions
2015,1820,WHO Regions
2015,876,Wallis and Futuna Islands
2015,1801,World Bank Regional Groups (developing only)
2015,1802,World Bank income groups
2017,4,Afghanistan
2017,903,Africa
2017,1823,African Group
2017,1560,African Union
2017,8,Albania
2017,12,Algeria
2017,24,Angola
2017,28,Antigua and Barbuda
2017,32,Argentina
2017,51,Armenia
2017,533,Aruba
2017,935,Asia
2017,1824,Asia-Pacific Group
2017,1557,Association of Southeast Asian Nations (ASEAN)
2017,36,Australia
2017,927,Australia/New Zealand
2017,40,Austria
2017,31,Azerbaijan
2017,1525,BRIC
2017,1526,BRICS
2017,44,Bahamas
2017,48,Bahrain
2017,50,Bangladesh
2017,52,Barbados
2017,112,Belarus
2017,56,Belgium
2017,84,Belize
2017,204,Benin
2017,64,Bhutan
2017,1569,Bolivarian Alliance for the Americas (ALBA)
2017,68,Bolivia (Plurinational State of)
2017,70,Bosnia and Herzegovina
2017,72,Botswana
2017,76,Brazil
2017,96,Brunei Darussalam
2017,100,Bulgaria
2017,854,Burkina Faso
2017,108,Burundi
2017,132,Cabo Verde
2017,116,Cambodia
2017,120,Cameroon
2017,124,Canada
2017,915,Caribbean
2017,140,Central African Republic
2017,916,Central America
2017,5500,Central Asia
2017,921,Central and Southern Asia
2017,148,Chad
2017,830,Channel Islands
2017,152,Chile
2017,156,China
2017,1105,China (and dependencies)
2017,344,"China, Hong Kong SAR"
2017,446,"China, Macao SAR"
2017,158,"China, Taiwan Province of China"
2017,170,Colombia
2017,1566,Commonwealth of Independent States (CIS)
2017,174,Comoros
2017,178,Congo
2017,188,Costa Rica
2017,191,Croatia
2017,192,Cuba
2017,531,Curaçao
2017,196,Cyprus
2017,203,Czechia
2017,384,Côte d'Ivoire
2017,408,Dem. People's Republic of Korea
2017,180,Democratic Republic of the Congo
2017,208,Denmark
2017,1106,Denmark (and dependencies)
2017,262,Djibouti
2017,214,Dominican Republic
2017,1737,ECE: North America-2
2017,1736,ECE: UNECE-52
2017,1765,ESCWA: member countries
2017,910,Eastern Africa
2017,906,Eastern Asia
2017,923,Eastern Europe
2017,1825,Eastern European Group
2017,1832,Eastern and South-Eastern Asia
2017,218,Ecuador
2017,818,Egypt
2017,222,El Salvador
2017,226,Equatorial Guinea
2017,232,Eritrea
2017,233,Estonia
2017,748,Eswatini
2017,231,Ethiopia
2017,908,Europe
2017,1506,Europe (48)
2017,1829,Europe and Northern America
2017,1550,European Community (EC: 12)
2017,1549,European Union (EU: 15)
2017,986,European Union (EU: 28)
2017,242,Fiji
2017,246,Finland
2017,250,France
2017,1107,France (and dependencies)
2017,254,French Guiana
2017,258,French Polynesia
2017,266,Gabon
2017,270,Gambia
2017,268,Georgia
2017,276,Germany
2017,288,Ghana
2017,300,Greece
2017,308,Grenada
2017,1556,Group of 77 (G77)
2017,1523,Group of Eight (G8)
2017,1522,Group of Seven (G7)
2017,1524,Group of Twenty (G20) - member states
2017,312,Guadeloupe
2017,316,Guam
2017,320,Guatemala
2017,324,Guinea
2017,624,Guinea-Bissau
2017,328,Guyana
2017,332,Haiti
2017,1503,High-income countries
2017,340,Honduras
2017,348,Hungary
2017,352,Iceland
2017,356,India
2017,360,Indonesia
2017,1810,International groups
2017,364,Iran (Islamic Republic of)
2017,368,Iraq
2017,372,Ireland
2017,376,Israel
2017,380,Italy
2017,388,Jamaica
2017,392,Japan
2017,400,Jordan
2017,398,Kazakhstan
2017,404,Kenya
2017,296,Kiribati
2017,414,Kuwait
2017,417,Kyrgyzstan
2017,418,Lao People's Democratic Republic
2017,904,Latin America and the Caribbean
2017,1830,Latin America and the Caribbean
2017,1826,Latin American and Caribbean Group (GRULAC)
2017,428,Latvia
2017,1559,"League of Arab States (LAS, informal name: Arab League)"
2017,941,Least developed countries
2017,1475,Least developed: Africa
2017,1476,Least developed: Asia
2017,1477,Least developed: Latin America and the Caribbean
2017,1478,Least developed: Oceania
2017,422,Lebanon
2017,426,Lesotho
2017,902,Less developed regions
2017,948,"Less developed regions, excluding China"
2017,934,"Less developed regions, excluding least developed countries"
2017,1479,Less developed: Africa
2017,1480,Less developed: Asia
2017,1481,Less developed: Latin America and the Caribbean
2017,1482,Less developed: Oceania
2017,430,Liberia
2017,434,Libya
2017,440,Lithuania
2017,1500,Low-income countries
2017,1501,Lower-middle-income countries
2017,442,Luxembourg
2017,1574,MDG Developed regions
2017,1582,MDG Developing regions: Caribbean
2017,1577,MDG Developing regions: Caucasus and Central Asia
2017,1578,MDG Developing regions: Eastern Asia
2017,1583,MDG Developing regions: Latin America
2017,1575,MDG Developing regions: Northern Africa
2017,1516,MDG Developing regions: Oceania
2017,1580,MDG Developing regions: South-Eastern Asia
2017,1579,MDG Developing regions: Southern Asia
2017,1576,MDG Developing regions: Sub-Saharan Africa
2017,1581,MDG Developing regions: Western Asia
2017,450,Madagascar
2017,454,Malawi
2017,458,Malaysia
2017,462,Maldives
2017,466,Mali
2017,470,Malta
2017,474,Martinique
2017,478,Mauritania
2017,480,Mauritius
2017,175,Mayotte
2017,928,Melanesia
2017,484,Mexico
2017,954,Micronesia
2017,583,Micronesia (Fed. States of)
2017,911,Middle Africa
2017,1517,Middle-income countries
2017,496,Mongolia
2017,499,Montenegro
2017,901,More developed regions
2017,1483,More developed: Asia
2017,1484,More developed: Europe
2017,1485,More developed: Northern America
2017,1486,More developed: Oceania
2017,504,Morocco
2017,508,Mozambique
2017,104,Myanmar
2017,516,Namibia
2017,524,Nepal
2017,528,Netherlands
2017,1108,Netherlands (and dependencies)
2017,540,New Caledonia
2017,554,New Zealand
2017,1109,New Zealand (and dependencies)
2017,558,Nicaragua
2017,562,Niger
2017,566,Nigeria
2017,1615,Non-Self-Governing Territories
2017,1555,North Atlantic Treaty Organization (NATO)
2017,807,North Macedonia
2017,912,Northern Africa
2017,1833,Northern Africa and Western Asia
2017,905,Northern America
2017,924,Northern Europe
2017,578,Norway
2017,909,Oceania
2017,1835,Oceania (excluding Australia and New Zealand)
2017,512,Oman
2017,1505,Organisation for Economic Co-operation and Development (OECD)
2017,1521,Organization of Petroleum Exporting countries (OPEC)
2017,586,Pakistan
2017,591,Panama
2017,598,Papua New Guinea
2017,600,Paraguay
2017,604,Peru
2017,608,Philippines
2017,616,Poland
2017,957,Polynesia
2017,620,Portugal
2017,630,Puerto Rico
2017,634,Qatar
2017,1811,Regional political groups: Africa
2017,1812,Regional political groups: Americas
2017,1813,Regional political groups: Arab
2017,1814,Regional political groups: Asia and Oceania
2017,410,Republic of Korea
2017,498,Republic of Moldova
2017,642,Romania
2017,643,Russian Federation
2017,646,Rwanda
2017,638,Réunion
2017,1836,SDG classification: Australia and New Zealand
2017,1831,SDG classification: Central Asia and Southern Asia
2017,1834,SDG classification: Sub-Saharan Africa
2017,662,Saint Lucia
2017,670,Saint Vincent and the Grenadines
2017,882,Samoa
2017,678,Sao Tome and Principe
2017,682,Saudi Arabia
2017,686,Senegal
2017,688,Serbia
2017,690,Seychelles
2017,694,Sierra Leone
2017,702,Singapore
2017,703,Slovakia
2017,705,Slovenia
2017,90,Solomon Islands
2017,706,Somalia
2017,710,South Africa
2017,931,South America
2017,728,South Sudan
2017,920,South-Eastern Asia
2017,913,Southern Africa
2017,5501,Southern Asia
2017,925,Southern Europe
2017,724,Spain
2017,144,Sri Lanka
2017,275,State of Palestine
2017,947,Sub-Saharan Africa
2017,729,Sudan
2017,740,Suriname
2017,1828,Sustainable Development Goal (SDG) regions
2017,752,Sweden
2017,756,Switzerland
2017,760,Syrian Arab Republic
2017,762,Tajikistan
2017,764,Thailand
2017,626,Timor-Leste
2017,768,Togo
2017,776,Tonga
2017,780,Trinidad and Tobago
2017,788,Tunisia
2017,792,Turkey
2017,795,Turkmenistan
2017,1819,UNFPA Regions
2017,1611,UNFPA: Arab States (AS)
2017,1610,UNFPA: Asia and the Pacific (AP)
2017,1703,UNFPA: East and Southern Africa (ESA)
2017,1612,UNFPA: Eastern Europe and Central Asia (EECA)
2017,1613,UNFPA: Latin America and the Caribbean (LAC)
2017,1704,UNFPA: West and Central Africa (WCA)
2017,1818,UNICEF PROGRAMME REGIONS
2017,1586,UNICEF Programme Regions: East Asia and Pacific (EAPRO)
2017,1587,UNICEF Programme Regions: Eastern and Southern Africa (ESARO)
2017,1585,UNICEF Programme Regions: Europe and Central Asia (CEECIS)
2017,1589,UNICEF Programme Regions: Latin America and Caribbean (LACRO)
2017,1590,UNICEF Programme Regions: Middle East and North Africa (MENARO)
2017,1591,UNICEF Programme Regions: South Asia (ROSA)
2017,1592,UNICEF Programme Regions: West and Central Africa (WCARO)
2017,800,Uganda
2017,804,Ukraine
2017,784,United Arab Emirates
2017,826,United Kingdom
2017,1110,United Kingdom (and dependencies)
2017,1730,United Nations Economic Commission for Africa (UN-ECA)
2017,1745,United Nations Economic Commission for Latin America and the Caribbean (UN-ECLAC)
2017,1760,United Nations Economic and Social Commission for Asia and the Pacific (UN-ESCAP) Regions
2017,1599,United Nations Member States
2017,834,United Republic of Tanzania
2017,850,United States Virgin Islands
2017,840,United States of America
2017,1111,United States of America (and dependencies)
2017,1502,Upper-middle-income countries
2017,858,Uruguay
2017,860,Uzbekistan
2017,548,Vanuatu
2017,862,Venezuela (Bolivarian Republic of)
2017,704,Viet Nam
2017,1504,WB High-income OECD members
2017,1509,WB region: East Asia and Pacific (excluding high income)
2017,1510,WB region: Europe and Central Asia (excluding high income)
2017,1511,WB region: Latin America and Caribbean (excluding high income)
2017,1512,WB region: Middle East and North Africa (excluding high income)
2017,1513,WB region: South Asia (excluding high income)
2017,1508,WB region: Sub-Saharan Africa (excluding high income)
2017,1820,WHO Regions
2017,1593,WHO: African region (AFRO)
2017,1596,WHO: Americas (AMRO)
2017,1595,WHO: Eastern Mediterranean Region (EMRO)
2017,1594,WHO: European Region (EURO)
2017,1597,WHO: South-East Asia region (SEARO)
2017,1598,WHO: Western Pacific region (WPRO)
2017,914,Western Africa
2017,922,Western Asia
2017,926,Western Europe
2017,1827,Western European and Others Group (WEOG)
2017,732,Western Sahara
2017,900,World
2017,1801,World Bank Regional Groups (developing only)
2017,887,Yemen
2017,894,Zambia
2017,716,Zimbabwe
2017,16,American Samoa
2017,20,Andorra
2017,660,Anguilla
2017,60,Bermuda
2017,535,"Bonaire, Sint Eustatius and Saba"
2017,92,British Virgin Islands
2017,136,Cayman Islands
2017,184,Cook Islands
2017,212,Dominica
2017,1804,Economic groups
2017,238,Falkland Islands (Malvinas)
2017,234,Faroe Islands
2017,292,Gibraltar
2017,304,Greenland
2017,336,Holy See
2017,833,Isle of Man
2017,438,Liechtenstein
2017,1514,MDG Developing regions
2017,1584,MDG Developing regions: Latin America and the Caribbean
2017,1816,MDG Regional Groupings
2017,584,Marshall Islands
2017,492,Monaco
2017,500,Montserrat
2017,520,Nauru
2017,570,Niue
2017,580,Northern Mariana Islands
2017,585,Palau
2017,1815,Regional political groups: Europe
2017,654,Saint Helena
2017,659,Saint Kitts and Nevis
2017,666,Saint Pierre and Miquelon
2017,674,San Marino
2017,534,Sint Maarten (Dutch part)
2017,772,Tokelau
2017,796,Turks and Caicos Islands
2017,798,Tuvalu
2017,1803,UN development groups
2017,1735,UN-ECE: member countries
2017,1822,UNITED NATIONS Regional Groups of Member States
2017,1821,United Nations Regional Commissions
2017,876,Wallis and Futuna Islands
2017,1802,World Bank income groups
2019,4,Afghanistan
2019,903,Africa
2019,1823,African Group
2019,1560,African Union
2019,2080,African Union: Central Africa
2019,2081,African Union: Eastern Africa
2019,2082,African Union: Northern Africa
2019,2083,African Union: Southern Africa
2019,2084,African Union: Western Africa
2019,1200,"African, Caribbean and Pacific (ACP) Group of States"
2019,8,Albania
2019,12,Algeria
2019,1533,Andean Community
2019,24,Angola
2019,28,Antigua and Barbuda
2019,32,Argentina
2019,51,Armenia
2019,533,Aruba
2019,935,Asia
2019,1207,Asia-Pacific Economic Cooperation (APEC)
2019,1824,Asia-Pacific Group
2019,1557,Association of Southeast Asian Nations (ASEAN)
2019,36,Australia
2019,927,Australia/New Zealand
2019,40,Austria
2019,31,Azerbaijan
2019,1525,BRIC
2019,1526,BRICS
2019,44,Bahamas
2019,48,Bahrain
2019,50,Bangladesh
2019,52,Barbados
2019,112,Belarus
2019,56,Belgium
2019,84,Belize
2019,2067,Belt-Road Initiative (BRI)
2019,2068,Belt-Road Initiative: Africa
2019,2069,Belt-Road Initiative: Asia
2019,2070,Belt-Road Initiative: Europe
2019,2071,Belt-Road Initiative: Latin America and the Caribbean
2019,2072,Belt-Road Initiative: Pacific
2019,204,Benin
2019,64,Bhutan
2019,1527,Black Sea Economic Cooperation (BSEC)
2019,1569,Bolivarian Alliance for the Americas (ALBA)
2019,68,Bolivia (Plurinational State of)
2019,70,Bosnia and Herzegovina
2019,72,Botswana
2019,76,Brazil
2019,96,Brunei Darussalam
2019,100,Bulgaria
2019,854,Burkina Faso
2019,108,Burundi
2019,132,Cabo Verde
2019,116,Cambodia
2019,120,Cameroon
2019,124,Canada
2019,915,Caribbean
2019,1530,Caribbean Community and Common Market (CARICOM)
2019,140,Central African Republic
2019,916,Central America
2019,5500,Central Asia
2019,1545,Central European Free Trade Agreement (CEFTA)
2019,921,Central and Southern Asia
2019,148,Chad
2019,830,Channel Islands
2019,152,Chile
2019,156,China
2019,1105,China (and dependencies)
2019,344,"China, Hong Kong SAR"
2019,446,"China, Macao SAR"
2019,158,"China, Taiwan Province of China"
2019,170,Colombia
2019,1566,Commonwealth of Independent States (CIS)
2019,2074,Commonwealth of Nations
2019,2075,Commonwealth: Africa
2019,2076,Commonwealth: Asia
2019,2077,Commonwealth: Caribbean and Americas
2019,2078,Commonwealth: Europe
2019,2079,Commonwealth: Pacific
2019,174,Comoros
2019,178,Congo
2019,188,Costa Rica
2019,1638,Countries with Access to the Sea
2019,2094,Countries with Access to the Sea: Africa
2019,2095,Countries with Access to the Sea: Asia
2019,2096,Countries with Access to the Sea: Europe
2019,2097,Countries with Access to the Sea: Latin America and the Caribbean
2019,2098,Countries with Access to the Sea: Northern America
2019,2099,Countries with Access to the Sea: Oceania
2019,191,Croatia
2019,192,Cuba
2019,531,Curaçao
2019,196,Cyprus
2019,203,Czechia
2019,384,Côte d'Ivoire
2019,408,Dem. People's Republic of Korea
2019,180,Democratic Republic of the Congo
2019,208,Denmark
2019,1106,Denmark (and dependencies)
2019,262,Djibouti
2019,214,Dominican Republic
2019,1737,ECE: North America-2
2019,1736,ECE: UNECE-52
2019,1744,ECLAC: Latin America
2019,1746,ECLAC: The Caribbean
2019,1071,ESCAP region: East and North-East Asia
2019,1074,ESCAP region: North and Central Asia
2019,1075,ESCAP region: Pacific
2019,1073,ESCAP region: South and South-West Asia
2019,1072,ESCAP region: South-East Asia
2019,2061,ESCAP: ADB Developing member countries (DMCs)
2019,2058,ESCAP: ADB Group A (Concessional assistance only)
2019,2059,ESCAP: ADB Group B (OCR blend)
2019,2060,ESCAP: ADB Group C (Regular OCR only)
2019,1054,ESCAP: ASEAN
2019,1057,ESCAP: Central Asia
2019,1055,ESCAP: ECO
2019,2049,ESCAP: HDI groups
2019,1060,ESCAP: Landlocked countries (LLDCs)
2019,1059,ESCAP: Least Developed Countries (LDCs)
2019,1058,ESCAP: Pacific island dev. econ.
2019,1056,ESCAP: SAARC
2019,2048,ESCAP: WB High income econ.
2019,2045,ESCAP: WB Low income econ.
2019,2046,ESCAP: WB Lower middle income econ.
2019,2047,ESCAP: WB Upper middle income econ.
2019,2044,ESCAP: WB income groups
2019,2053,ESCAP: high HDI
2019,1064,ESCAP: high income
2019,2054,ESCAP: income groups
2019,2050,ESCAP: low HDI
2019,1062,ESCAP: low income
2019,2051,ESCAP: lower middle HDI
2019,2055,ESCAP: lower middle income
2019,1065,ESCAP: other Asia-Pacific countries/areas
2019,2052,ESCAP: upper middle HDI
2019,2056,ESCAP: upper middle income
2019,2062,ESCWA: Arab countries
2019,2066,ESCWA: Arab least developed countries
2019,2065,ESCWA: Gulf Cooperation Council countries
2019,2063,ESCWA: Maghreb countries
2019,2064,ESCWA: Mashreq countries
2019,1765,ESCWA: member countries
2019,1563,East African Community (EAC)
2019,910,Eastern Africa
2019,906,Eastern Asia
2019,923,Eastern Europe
2019,1825,Eastern European Group
2019,1832,Eastern and South-Eastern Asia
2019,1538,Economic Community of Central African States (ECCAS)
2019,1540,Economic Community of West African States (ECOWAS)
2019,1547,Economic Cooperation Organization (ECO)
2019,218,Ecuador
2019,818,Egypt
2019,222,El Salvador
2019,226,Equatorial Guinea
2019,232,Eritrea
2019,233,Estonia
2019,748,Eswatini
2019,231,Ethiopia
2019,1546,Eurasian Economic Community (Eurasec)
2019,908,Europe
2019,917,Europe
2019,1506,Europe (48)
2019,1829,Europe and Northern America
2019,1550,European Community (EC: 12)
2019,1544,European Free Trade Agreement (EFTA)
2019,1549,European Union (EU: 15)
2019,986,European Union (EU: 28)
2019,242,Fiji
2019,246,Finland
2019,250,France
2019,1107,France (and dependencies)
2019,254,French Guiana
2019,258,French Polynesia
2019,266,Gabon
2019,270,Gambia
2019,268,Georgia
2019,276,Germany
2019,288,Ghana
2019,1536,Greater Arab Free Trade Area (GAFTA)
2019,300,Greece
2019,308,Grenada
2019,1556,Group of 77 (G77)
2019,1523,Group of Eight (G8)
2019,1522,Group of Seven (G7)
2019,1524,Group of Twenty (G20) - member states
2019,312,Guadeloupe
2019,316,Guam
2019,320,Guatemala
2019,324,Guinea
2019,624,Guinea-Bissau
2019,1561,Gulf Cooperation Council (GCC)
2019,328,Guyana
2019,332,Haiti
2019,1503,High-income countries
2019,340,Honduras
2019,348,Hungary
2019,352,Iceland
2019,356,India
2019,360,Indonesia
2019,364,Iran (Islamic Republic of)
2019,368,Iraq
2019,372,Ireland
2019,376,Israel
2019,380,Italy
2019,388,Jamaica
2019,392,Japan
2019,400,Jordan
2019,398,Kazakhstan
2019,404,Kenya
2019,296,Kiribati
2019,414,Kuwait
2019,417,Kyrgyzstan
2019,2087,LLDC: Africa
2019,2088,LLDC: Asia
2019,2089,LLDC: Europe
2019,2090,LLDC: Latin America
2019,1607,Land-locked Countries
2019,1674,Land-locked Countries (Others)
2019,1636,Land-locked Developing Countries (LLDC)
2019,418,Lao People's Democratic Republic
2019,904,Latin America and the Caribbean
2019,1830,Latin America and the Caribbean
2019,1532,Latin American Integration Association (ALADI)
2019,1826,Latin American and Caribbean Group (GRULAC)
2019,428,Latvia
2019,1559,"League of Arab States (LAS, informal name: Arab League)"
2019,941,Least developed countries
2019,1475,Least developed: Africa
2019,1476,Least developed: Asia
2019,1477,Least developed: Latin America and the Caribbean
2019,1478,Least developed: Oceania
2019,422,Lebanon
2019,426,Lesotho
2019,902,Less developed regions
2019,948,"Less developed regions, excluding China"
2019,934,"Less developed regions, excluding least developed countries"
2019,1479,Less developed: Africa
2019,1480,Less developed: Asia
2019,1481,Less developed: Latin America and the Caribbean
2019,1482,Less developed: Oceania
2019,430,Liberia
2019,434,Libya
2019,440,Lithuania
2019,1500,Low-income countries
2019,1501,Lower-middle-income countries
2019,442,Luxembourg
2019,450,Madagascar
2019,454,Malawi
2019,458,Malaysia
2019,462,Maldives
2019,466,Mali
2019,470,Malta
2019,474,Martinique
2019,478,Mauritania
2019,480,Mauritius
2019,175,Mayotte
2019,928,Melanesia
2019,484,Mexico
2019,954,Micronesia
2019,583,Micronesia (Fed. States of)
2019,911,Middle Africa
2019,1517,Middle-income countries
2019,496,Mongolia
2019,499,Montenegro
2019,901,More developed regions
2019,1483,More developed: Asia
2019,1484,More developed: Europe
2019,1485,More developed: Northern America
2019,1486,More developed: Oceania
2019,504,Morocco
2019,508,Mozambique
2019,104,Myanmar
2019,516,Namibia
2019,524,Nepal
2019,528,Netherlands
2019,1108,Netherlands (and dependencies)
2019,540,New Caledonia
2019,1552,New EU member states (joined since 2004)
2019,554,New Zealand
2019,1109,New Zealand (and dependencies)
2019,558,Nicaragua
2019,562,Niger
2019,566,Nigeria
2019,1518,No income group available
2019,1615,Non-Self-Governing Territories
2019,1520,North American Free Trade Agreement (NAFTA)
2019,1555,North Atlantic Treaty Organization (NATO)
2019,807,North Macedonia
2019,912,Northern Africa
2019,1833,Northern Africa and Western Asia
2019,905,Northern America
2019,918,Northern America
2019,924,Northern Europe
2019,578,Norway
2019,909,Oceania
2019,1835,Oceania (excluding Australia and New Zealand)
2019,512,Oman
2019,1505,Organisation for Economic Co-operation and Development (OECD)
2019,2086,Organization for Security and Co-operation in Europe (OSCE)
2019,2085,Organization of American States (OAS)
2019,1521,Organization of Petroleum Exporting countries (OPEC)
2019,1570,Organization of the Islamic Conference (OIC)
2019,586,Pakistan
2019,591,Panama
2019,598,Papua New Guinea
2019,600,Paraguay
2019,604,Peru
2019,608,Philippines
2019,616,Poland
2019,957,Polynesia
2019,620,Portugal
2019,630,Puerto Rico
2019,634,Qatar
2019,410,Republic of Korea
2019,498,Republic of Moldova
2019,642,Romania
2019,643,Russian Federation
2019,646,Rwanda
2019,638,Réunion
2019,2093,"SIDS Atlantic, and Indian Ocean, Mediterranean and South China Sea (AIMS)"
2019,2091,SIDS Caribbean
2019,2092,SIDS Pacific
2019,662,Saint Lucia
2019,670,Saint Vincent and the Grenadines
2019,882,Samoa
2019,678,Sao Tome and Principe
2019,682,Saudi Arabia
2019,686,Senegal
2019,688,Serbia
2019,690,Seychelles
2019,2073,Shanghai Cooperation Organization (SCO)
2019,694,Sierra Leone
2019,702,Singapore
2019,703,Slovakia
2019,705,Slovenia
2019,1637,Small Island Developing States (SIDS)
2019,90,Solomon Islands
2019,706,Somalia
2019,710,South Africa
2019,931,South America
2019,1321,South Asian Association for Regional Cooperation (SAARC)
2019,728,South Sudan
2019,920,South-Eastern Asia
2019,913,Southern Africa
2019,1564,Southern African Development Community (SADC)
2019,5501,Southern Asia
2019,1534,Southern Common Market (MERCOSUR)
2019,925,Southern Europe
2019,724,Spain
2019,144,Sri Lanka
2019,275,State of Palestine
2019,947,Sub-Saharan Africa
2019,729,Sudan
2019,740,Suriname
2019,752,Sweden
2019,756,Switzerland
2019,760,Syrian Arab Republic
2019,762,Tajikistan
2019,764,Thailand
2019,626,Timor-Leste
2019,768,Togo
2019,776,Tonga
2019,780,Trinidad and Tobago
2019,788,Tunisia
2019,792,Turkey
2019,795,Turkmenistan
2019,1735,UN-ECE: member countries
2019,1819,UNFPA Regions
2019,1611,UNFPA: Arab States (AS)
2019,1610,UNFPA: Asia and the Pacific (AP)
2019,1703,UNFPA: East and Southern Africa (ESA)
2019,1612,UNFPA: Eastern Europe and Central Asia (EECA)
2019,1613,UNFPA: Latin America and the Caribbean (LAC)
2019,1704,UNFPA: West and Central Africa (WCA)
2019,1818,UNICEF PROGRAMME REGIONS
2019,1586,UNICEF Programme Regions: East Asia and Pacific (EAPRO)
2019,2042,UNICEF Programme Regions: Eastern Caribbean
2019,1587,UNICEF Programme Regions: Eastern and Southern Africa (ESARO)
2019,1585,UNICEF Programme Regions: Europe and Central Asia (CEECIS)
2019,2041,UNICEF Programme Regions: Latin America
2019,1589,UNICEF Programme Regions: Latin America and Caribbean (LACRO)
2019,1590,UNICEF Programme Regions: Middle East and North Africa (MENARO)
2019,1591,UNICEF Programme Regions: South Asia (ROSA)
2019,1592,UNICEF Programme Regions: West and Central Africa (WCARO)
2019,2035,UNICEF REGIONS
2019,2036,UNICEF Regions: East Asia and Pacific
2019,2034,UNICEF Regions: Eastern Europe and Central Asia
2019,2039,UNICEF Regions: Eastern and Southern Africa
2019,2029,UNICEF Regions: Europe and Central Asia
2019,2031,UNICEF Regions: Latin America and Caribbean
2019,2037,UNICEF Regions: Middle East and North Africa
2019,2032,UNICEF Regions: North America
2019,2038,UNICEF Regions: South Asia
2019,2033,UNICEF Regions: Sub-Saharan Africa
2019,2040,UNICEF Regions: West and Central Africa
2019,2030,UNICEF Regions: Western Europe
2019,1822,UNITED NATIONS Regional Groups of Member States
2019,800,Uganda
2019,804,Ukraine
2019,784,United Arab Emirates
2019,826,United Kingdom
2019,1110,United Kingdom (and dependencies)
2019,1730,United Nations Economic Commission for Africa (UN-ECA)
2019,1745,United Nations Economic Commission for Latin America and the Caribbean (UN-ECLAC)
2019,1760,United Nations Economic and Social Commission for Asia and the Pacific (UN-ESCAP) Regions
2019,1599,United Nations Member States
2019,834,United Republic of Tanzania
2019,850,United States Virgin Islands
2019,840,United States of America
2019,1111,United States of America (and dependencies)
2019,1502,Upper-middle-income countries
2019,858,Uruguay
2019,860,Uzbekistan
2019,548,Vanuatu
2019,862,Venezuela (Bolivarian Republic of)
2019,704,Viet Nam
2019,1509,WB region: East Asia and Pacific (excluding high income)
2019,1510,WB region: Europe and Central Asia (excluding high income)
2019,1511,WB region: Latin America and Caribbean (excluding high income)
2019,1512,WB region: Middle East and North Africa (excluding high income)
2019,1513,WB region: South Asia (excluding high income)
2019,1508,WB region: Sub-Saharan Africa (excluding high income)
2019,1820,WHO Regions
2019,1593,WHO: African region (AFRO)
2019,1596,WHO: Americas (AMRO)
2019,1595,WHO: Eastern Mediterranean Region (EMRO)
2019,1594,WHO: European Region (EURO)
2019,1597,WHO: South-East Asia region (SEARO)
2019,1598,WHO: Western Pacific region (WPRO)
2019,1543,West African Economic and Monetary Union (UEMOA)
2019,914,Western Africa
2019,922,Western Asia
2019,926,Western Europe
2019,1827,Western European and Others Group (WEOG)
2019,732,Western Sahara
2019,900,World
2019,1801,World Bank Regional Groups (developing only)
2019,887,Yemen
2019,894,Zambia
2019,716,Zimbabwe
2019,16,American Samoa
2019,20,Andorra
2019,660,Anguilla
2019,60,Bermuda
2019,535,"Bonaire, Sint Eustatius and Saba"
2019,92,British Virgin Islands
2019,136,Cayman Islands
2019,184,Cook Islands
2019,212,Dominica
2019,2057,ESCAP: ADB groups
2019,2043,ESCAP: Other Regional Groups
2019,1804,Economic groups
2019,238,Falkland Islands (Malvinas)
2019,234,Faroe Islands
2019,1840,Geographic regions
2019,292,Gibraltar
2019,304,Greenland
2019,336,Holy See
2019,1810,International groups
2019,833,Isle of Man
2019,438,Liechtenstein
2019,584,Marshall Islands
2019,492,Monaco
2019,500,Montserrat
2019,520,Nauru
2019,570,Niue
2019,580,Northern Mariana Islands
2019,585,Palau
2019,1811,Regional political groups: Africa
2019,1812,Regional political groups: Americas
2019,1813,Regional political groups: Arab
2019,1814,Regional political groups: Asia and Oceania
2019,1815,Regional political groups: Europe
2019,1805,Regional trade groups: Africa
2019,1806,Regional trade groups: Americas
2019,1807,Regional trade groups: Arab
2019,1808,Regional trade groups: Asia
2019,1809,Regional trade groups: Europe
2019,652,Saint Barthélemy
2019,654,Saint Helena
2019,659,Saint Kitts and Nevis
2019,663,Saint Martin (French part)
2019,666,Saint Pierre and Miquelon
2019,674,San Marino
2019,534,Sint Maarten (Dutch part)
2019,1828,Sustainable Development Goal (SDG) regions
2019,772,Tokelau
2019,796,Turks and Caicos Islands
2019,798,Tuvalu
2019,1803,UN development groups
2019,942,United Nations Economic Commission for Europe (UN-ECE)
2019,946,United Nations Economic and Social Commission for Western Asia (UN-ESCWA)
2019,1821,United Nations Regional Commissions
2019,876,Wallis and Futuna Islands
2019,1802,World Bank income groups
